gbifid	datasetkey	occurrenceid	kingdom	phylum	class	order	family	genus	species	infraspecificepithet	taxonrank	scientificname	countrycode	locality	publishingorgkey	decimallatitude	decimallongitude	coordinateuncertaintyinmeters	coordinateprecision	elevation	elevationaccuracy	depth	depthaccuracy	eventdate	day	month	year	taxonkey	specieskey	basisofrecord	institutioncode	collectioncode	catalognumber	recordnumber	identifiedby	license	rightsholder	recordedby	typestatus	establishmentmeans	lastinterpreted	mediatype	issue
1423284253	8008770e-f762-11e1-a439-00145eb45e9a	urn:catalog:ENCB-IPN:ENCB-IPN-P:P4925:156	Animalia	Chordata	Actinopterygii	Syngnathiformes	Syngnathidae	Microphis	Microphis brachyurus		SPECIES	Microphis brachyurus (Bleeker, 1854)	MX	Río Los Organos, en el poblado Adolfo Ruiz Cortines	ff90b050-c256-11db-b71b-b8a03c50a862	18.670278	-95.138889			0.0	0.0	0.0	0.0	2000-05-29T02:00Z	29	5	2000	5712324	5712324	PRESERVED_SPECIMEN	ENCB-IPN	ENCB-IPN-P	P4925		Díaz-Pardo Edmundo; Rangel Cota Gerardo	CC_BY_NC_4_0	Comisión Nacional para el Conocimiento y Uso de la Biodiversidad (CONABIO)	Díaz-Pardo Edmundo; Gutiérrez Hernández Altagracia			2017-02-19T00:00Z		GEODETIC_DATUM_ASSUMED_WGS84;COORDINATE_ROUNDED
1423284158	8008770e-f762-11e1-a439-00145eb45e9a	urn:catalog:ENCB-IPN:ENCB-IPN-P:P4896:211	Animalia	Chordata	Actinopterygii	Syngnathiformes	Syngnathidae	Microphis	Microphis brachyurus		SPECIES	Microphis brachyurus (Bleeker, 1854)	MX	Río Revolución, a 300m de la desembocadura	ff90b050-c256-11db-b71b-b8a03c50a862	18.65	-95.122778			1.5	1.5	0.0	0.0	2000-01-17T01:00Z	17	1	2000	5712324	5712324	PRESERVED_SPECIMEN	ENCB-IPN	ENCB-IPN-P	P4896		Díaz-Pardo Edmundo; Rangel Cota Gerardo	CC_BY_NC_4_0	Comisión Nacional para el Conocimiento y Uso de la Biodiversidad (CONABIO)	Díaz-Pardo Edmundo; Rangel Cota Gerardo; Ignacio Doadrio; Adolfo De Sostoa Fernández			2017-02-19T00:00Z		ELEVATION_MIN_MAX_SWAPPED;GEODETIC_DATUM_ASSUMED_WGS84;COORDINATE_ROUNDED
1423284144	8008770e-f762-11e1-a439-00145eb45e9a	urn:catalog:ENCB-IPN:ENCB-IPN-P:P4936:251	Animalia	Chordata	Actinopterygii	Syngnathiformes	Syngnathidae	Microphis	Microphis brachyurus		SPECIES	Microphis brachyurus (Bleeker, 1854)	MX	Río Toro Prieto, 1Km al SE del poblado del mismo nombre	ff90b050-c256-11db-b71b-b8a03c50a862	18.702778	-95.203611			0.0	0.0	0.0	0.0	2000-05-29T02:00Z	29	5	2000	5712324	5712324	PRESERVED_SPECIMEN	ENCB-IPN	ENCB-IPN-P	P4936		Díaz-Pardo Edmundo; Rangel Cota Gerardo	CC_BY_NC_4_0	Comisión Nacional para el Conocimiento y Uso de la Biodiversidad (CONABIO)	Díaz-Pardo Edmundo; Rangel Cota Gerardo; Ignacio Doadrio; Adolfo De Sostoa Fernández			2017-02-19T00:00Z		GEODETIC_DATUM_ASSUMED_WGS84;COORDINATE_ROUNDED
1423284103	8008770e-f762-11e1-a439-00145eb45e9a	urn:catalog:ENCB-IPN:ENCB-IPN-P:P4895:210	Animalia	Chordata	Actinopterygii	Syngnathiformes	Syngnathidae	Microphis	Microphis brachyurus		SPECIES	Microphis brachyurus (Bleeker, 1854)	MX	Río Col, en el poblado Dos de Abril	ff90b050-c256-11db-b71b-b8a03c50a862	18.643056	-95.106389			0.5	0.5	0.0	0.0	2000-01-17T01:00Z	17	1	2000	5712324	5712324	PRESERVED_SPECIMEN	ENCB-IPN	ENCB-IPN-P	P4895		Díaz-Pardo Edmundo; Rangel Cota Gerardo	CC_BY_NC_4_0	Comisión Nacional para el Conocimiento y Uso de la Biodiversidad (CONABIO)	Díaz-Pardo Edmundo; Rangel Cota Gerardo; Ignacio Doadrio; Adolfo De Sostoa Fernández			2017-02-19T00:00Z		ELEVATION_MIN_MAX_SWAPPED;GEODETIC_DATUM_ASSUMED_WGS84;COORDINATE_ROUNDED
1422590538	c5becd58-e4ca-4366-a189-cc920b44c516	urn:catalog:ENCB-IPN:ENCB-IPN-P:P2087:1727	Animalia	Chordata	Actinopterygii	Syngnathiformes	Syngnathidae	Microphis	Microphis brachyurus		SPECIES	Microphis brachyurus (Bleeker, 1854)	MX	Río Máquinas	ff90b050-c256-11db-b71b-b8a03c50a862	18.620556	-95.090278			0.0	0.0	0.0	0.0	1959-12-24T01:00Z	24	12	1959	5712324	5712324	PRESERVED_SPECIMEN	ENCB-IPN	ENCB-IPN-P	P2087		L. ALCÁNTARA	CC_BY_NC_4_0	Comisión Nacional para el Conocimiento y Uso de la Biodiversidad (CONABIO)	F. BRIZUELA; F. DE LA CHICA			2017-02-19T00:00Z		GEODETIC_DATUM_ASSUMED_WGS84;COORDINATE_ROUNDED
1422589884	c5becd58-e4ca-4366-a189-cc920b44c516	urn:catalog:ENCB-IPN:ENCB-IPN-P:P4925:9286	Animalia	Chordata	Actinopterygii	Syngnathiformes	Syngnathidae	Microphis	Microphis brachyurus		SPECIES	Microphis brachyurus (Bleeker, 1854)	MX	Río Los Organos en el poblado Adolfo Ruíz Cortínez	ff90b050-c256-11db-b71b-b8a03c50a862	18.420278	-95.138889			0.0	0.0	0.0	0.0	2000-05-29T02:00Z	29	5	2000	5712324	5712324	PRESERVED_SPECIMEN	ENCB-IPN	ENCB-IPN-P	P4925		E. DÍAZ; G. RANGEL	CC_BY_NC_4_0	Comisión Nacional para el Conocimiento y Uso de la Biodiversidad (CONABIO)	R. MADRIGAL; G. RANGEL; E. DÍAZ			2017-02-19T00:00Z		GEODETIC_DATUM_ASSUMED_WGS84;COORDINATE_ROUNDED
1422589148	c5becd58-e4ca-4366-a189-cc920b44c516	urn:catalog:ENCB-IPN:ENCB-IPN-P:P1214:1726	Animalia	Chordata	Actinopterygii	Syngnathiformes	Syngnathidae	Microphis	Microphis brachyurus		SPECIES	Microphis brachyurus (Bleeker, 1854)	MX	Río Usumacinta, Arroyo Los Cocos	ff90b050-c256-11db-b71b-b8a03c50a862	18.5225	-92.654167			0.0	0.0	0.0	0.0	1969-05-25T01:00Z	25	5	1969	5712324	5712324	PRESERVED_SPECIMEN	ENCB-IPN	ENCB-IPN-P	P1214		L. ALCÁNTARA	CC_BY_NC_4_0	Comisión Nacional para el Conocimiento y Uso de la Biodiversidad (CONABIO)	F. DE LA CHICA			2017-02-19T00:00Z		GEODETIC_DATUM_ASSUMED_WGS84;COORDINATE_ROUNDED
1422588186	c5becd58-e4ca-4366-a189-cc920b44c516	urn:catalog:ENCB-IPN:ENCB-IPN-P:P1744	Animalia	Chordata	Actinopterygii	Syngnathiformes	Syngnathidae	Microphis	Microphis brachyurus		SPECIES	Microphis brachyurus (Bleeker, 1854)	MX	Boca Chica, La Laguneta	ff90b050-c256-11db-b71b-b8a03c50a862	18.536389	-95.680833			0.0	0.0	0.0	0.0	1953-10-30T01:00Z	30	10	1953	5712324	5712324	PRESERVED_SPECIMEN	ENCB-IPN	ENCB-IPN-P	P1744		L. ALCÁNTARA	CC_BY_NC_4_0	Comisión Nacional para el Conocimiento y Uso de la Biodiversidad (CONABIO)	S. FUENTES			2017-02-19T00:00Z		GEODETIC_DATUM_ASSUMED_WGS84;COORDINATE_ROUNDED
1422587798	c5becd58-e4ca-4366-a189-cc920b44c516	urn:catalog:ENCB-IPN:ENCB-IPN-P:P1239:477	Animalia	Chordata	Actinopterygii	Syngnathiformes	Syngnathidae	Microphis	Microphis brachyurus		SPECIES	Microphis brachyurus (Bleeker, 1854)	MX	Río Tecolutla	ff90b050-c256-11db-b71b-b8a03c50a862	20.441389	-97.118056			0.0	0.0	0.0	0.0	1969-05-25T01:00Z	25	5	1969	5712324	5712324	PRESERVED_SPECIMEN	ENCB-IPN	ENCB-IPN-P	P1239		L. ALCÁNTARA	CC_BY_NC_4_0	Comisión Nacional para el Conocimiento y Uso de la Biodiversidad (CONABIO)	L. GUTIERREZ			2017-02-19T00:00Z		GEODETIC_DATUM_ASSUMED_WGS84;COORDINATE_ROUNDED
1422586525	c5becd58-e4ca-4366-a189-cc920b44c516	urn:catalog:ENCB-IPN:ENCB-IPN-P:P25:269	Animalia	Chordata	Actinopterygii	Syngnathiformes	Syngnathidae	Microphis	Microphis brachyurus		SPECIES	Microphis brachyurus (Bleeker, 1854)	MX	Río Nautla	ff90b050-c256-11db-b71b-b8a03c50a862	20.198056	-96.769167			0.0	0.0	0.0	0.0	1944-09-15T02:00Z	15	9	1944	5712324	5712324	PRESERVED_SPECIMEN	ENCB-IPN	ENCB-IPN-P	P25		L. ALCÁNTARA	CC_BY_NC_4_0	Comisión Nacional para el Conocimiento y Uso de la Biodiversidad (CONABIO)	R. MERCADO R.; R.RAMÍREZ			2017-02-19T00:00Z		GEODETIC_DATUM_ASSUMED_WGS84;COORDINATE_ROUNDED
1422584026	c5becd58-e4ca-4366-a189-cc920b44c516	urn:catalog:ENCB-IPN:ENCB-IPN-P:P2742:2983	Animalia	Chordata	Actinopterygii	Syngnathiformes	Syngnathidae	Microphis	Microphis brachyurus		SPECIES	Microphis brachyurus (Bleeker, 1854)	MX	Arroyo, 3 Km al S de Tonalá, cerca de la desviación a Allende	ff90b050-c256-11db-b71b-b8a03c50a862	18.164167	-94.122778			0.0	0.0	0.0	0.0	1966-02-08T01:00Z	8	2	1966	5712324	5712324	PRESERVED_SPECIMEN	ENCB-IPN	ENCB-IPN-P	P2742		L. ALCÁNTARA	CC_BY_NC_4_0	Comisión Nacional para el Conocimiento y Uso de la Biodiversidad (CONABIO)	J. CABALLERO ; F. SÁNCHEZ; F. DE LA CHICA			2017-02-19T00:00Z		GEODETIC_DATUM_ASSUMED_WGS84;COORDINATE_ROUNDED
1422583621	c5becd58-e4ca-4366-a189-cc920b44c516	urn:catalog:ENCB-IPN:ENCB-IPN-P:P3500:5321	Animalia	Chordata	Actinopterygii	Syngnathiformes	Syngnathidae	Microphis	Microphis brachyurus		SPECIES	Microphis brachyurus (Bleeker, 1854)	MX	Río Pánuco	ff90b050-c256-11db-b71b-b8a03c50a862	22.185556	-97.930833			0.0	0.0	0.0	0.0	1964-05-06T01:00Z	6	5	1964	5712324	5712324	PRESERVED_SPECIMEN	ENCB-IPN	ENCB-IPN-P	P3500		L. ALCÁNTARA	CC_BY_NC_4_0	Comisión Nacional para el Conocimiento y Uso de la Biodiversidad (CONABIO)	O. NUÑEZ; E. ZABALA; J. MACÍAS; S. CONTRERAS-BALDERAS			2017-02-19T00:00Z		GEODETIC_DATUM_ASSUMED_WGS84;COORDINATE_ROUNDED
1422583303	c5becd58-e4ca-4366-a189-cc920b44c516	urn:catalog:ENCB-IPN:ENCB-IPN-P:P2519:2982	Animalia	Chordata	Actinopterygii	Syngnathiformes	Syngnathidae	Microphis	Microphis brachyurus		SPECIES	Microphis brachyurus (Bleeker, 1854)	MX	Arroyo Los Cocos, en San Román	ff90b050-c256-11db-b71b-b8a03c50a862	18.5225	-92.660278			0.0	0.0	0.0	0.0	1965-04-14T01:00Z	14	4	1965	5712324	5712324	PRESERVED_SPECIMEN	ENCB-IPN	ENCB-IPN-P	P2519		L. ALCÁNTARA	CC_BY_NC_4_0	Comisión Nacional para el Conocimiento y Uso de la Biodiversidad (CONABIO)	F. SÁNCHEZ; F. DE LA CHICA			2017-02-19T00:00Z		GEODETIC_DATUM_ASSUMED_WGS84;COORDINATE_ROUNDED
1420414956	9ab1674f-5573-41b9-bbd9-f3e95999ab64	urn:catalog:ENCB-IPN:ENCB-IPN-P:P3500:2076	Animalia	Chordata	Actinopterygii	Syngnathiformes	Syngnathidae	Microphis	Microphis brachyurus		SPECIES	Microphis brachyurus (Bleeker, 1854)	MX	Río Pánuco	ff90b050-c256-11db-b71b-b8a03c50a862	22.185556	-97.930833			0.0	0.0	0.0	0.0	1964-05-06T01:00Z	6	5	1964	5712324	5712324	PRESERVED_SPECIMEN	ENCB-IPN	ENCB-IPN-P	P3500		Alcántara-Soria, L.	CC_BY_NC_4_0	Comisión Nacional para el Conocimiento y Uso de la Biodiversidad (CONABIO)	Núñez, O.; Contreras-Balderas, S.; Macías, J.			2017-02-19T00:00Z		GEODETIC_DATUM_ASSUMED_WGS84;COORDINATE_ROUNDED
1419004763	7c95ae39-b477-4863-8dda-2d74dc48b067	urn:catalog:IBUNAM:CNPE:IBUNAM-P4153	Animalia	Chordata	Actinopterygii	Syngnathiformes	Syngnathidae	Microphis	Microphis brachyurus		SPECIES	Microphis brachyurus (Bleeker, 1854)	MX	Montepío, Los Tuxtlas,  Ver.	ff90b050-c256-11db-b71b-b8a03c50a862	18.508333	-94.991667			0.0	0.0	0.0	0.0	1985-08-03T02:00Z	3	8	1985	5712324	5712324	PRESERVED_SPECIMEN	IBUNAM	CNPE	IBUNAM-P4153		Huidobro-Campos,L.	CC_BY_NC_4_0	Comisión Nacional para el Conocimiento y Uso de la Biodiversidad (CONABIO)	Espinosa-Pérez,H.; Fuentes-Mata,P.			2017-02-19T00:00Z		GEODETIC_DATUM_ASSUMED_WGS84;COORDINATE_ROUNDED
1419004580	7c95ae39-b477-4863-8dda-2d74dc48b067	urn:catalog:IBUNAM:CNPE:IBUNAM-P5389	Animalia	Chordata	Actinopterygii	Syngnathiformes	Syngnathidae	Microphis	Microphis brachyurus		SPECIES	Microphis brachyurus (Bleeker, 1854)	MX	Punta devisa, Laguna de Sontecomapan, Ver.	ff90b050-c256-11db-b71b-b8a03c50a862	18.535833	-95.008889			0.0	0.0	0.0	0.0	1986-12-11T01:00Z	11	12	1986	5712324	5712324	PRESERVED_SPECIMEN	IBUNAM	CNPE	IBUNAM-P5389		Valencia,D.X.G.	CC_BY_NC_4_0	Comisión Nacional para el Conocimiento y Uso de la Biodiversidad (CONABIO)	Espinosa-Pérez,H.; Fuentes-Mata,P.			2017-02-19T00:00Z		GEODETIC_DATUM_ASSUMED_WGS84;COORDINATE_ROUNDED
1419004091	7c95ae39-b477-4863-8dda-2d74dc48b067	urn:catalog:IBUNAM:CNPE:IBUNAM-P541	Animalia	Chordata	Actinopterygii	Syngnathiformes	Syngnathidae	Microphis	Microphis brachyurus		SPECIES	Microphis brachyurus (Bleeker, 1854)	MX	Desembocadura del río Coscuapan, Laguna de Sontecomapan, Ver.	ff90b050-c256-11db-b71b-b8a03c50a862	18.514444	-95.016667			0.0	0.0	0.0	0.0	1975-11-01T01:00Z	1	11	1975	5712324	5712324	PRESERVED_SPECIMEN	IBUNAM	CNPE	IBUNAM-P541		Reséndez-Medina,A.	CC_BY_NC_4_0	Comisión Nacional para el Conocimiento y Uso de la Biodiversidad (CONABIO)	Reséndez-Medina,A.			2017-02-19T00:00Z		GEODETIC_DATUM_ASSUMED_WGS84;COORDINATE_ROUNDED
1419003879	7c95ae39-b477-4863-8dda-2d74dc48b067	urn:catalog:IBUNAM:CNPE:IBUNAM-P12205	Animalia	Chordata	Actinopterygii	Syngnathiformes	Syngnathidae	Microphis	Microphis brachyurus		SPECIES	Microphis brachyurus (Bleeker, 1854)	MX	Instalaciones de PEMEX, Río Tonalá, Ver.	ff90b050-c256-11db-b71b-b8a03c50a862	18.068333	-94.082222			0.0	0.0	0.0	0.0	1998-03-20T01:00Z	20	3	1998	5712324	5712324	PRESERVED_SPECIMEN	IBUNAM	CNPE	IBUNAM-P12205		Alvarez-Pliego,N.	CC_BY_NC_4_0	Comisión Nacional para el Conocimiento y Uso de la Biodiversidad (CONABIO)	Espinosa-Pérez,H.; Daza,Z.D.A.; Padilla,G.J.M.			2017-02-19T00:00Z		GEODETIC_DATUM_ASSUMED_WGS84;COORDINATE_ROUNDED
1419003855	7c95ae39-b477-4863-8dda-2d74dc48b067	urn:catalog:IBUNAM:CNPE:IBUNAM-P11885	Animalia	Chordata	Actinopterygii	Syngnathiformes	Syngnathidae	Microphis	Microphis brachyurus		SPECIES	Microphis brachyurus (Bleeker, 1854)	MX	Instalaciones de PEMEX, Río Tonalá, Ver.	ff90b050-c256-11db-b71b-b8a03c50a862	18.068333	-94.082222			0.0	0.0	0.0	0.0	1997-06-10T02:00Z	10	6	1997	5712324	5712324	PRESERVED_SPECIMEN	IBUNAM	CNPE	IBUNAM-P11885		Padilla,G.J.M.	CC_BY_NC_4_0	Comisión Nacional para el Conocimiento y Uso de la Biodiversidad (CONABIO)	Espinosa-Pérez,H.; Daza,Z.D.A.; Padilla,G.J.M.			2017-02-19T00:00Z		GEODETIC_DATUM_ASSUMED_WGS84;COORDINATE_ROUNDED
1419003841	7c95ae39-b477-4863-8dda-2d74dc48b067	urn:catalog:IBUNAM:CNPE:IBUNAM-P12030	Animalia	Chordata	Actinopterygii	Syngnathiformes	Syngnathidae	Microphis	Microphis brachyurus		SPECIES	Microphis brachyurus (Bleeker, 1854)	MX	Instalaciones de PEMEX, Río Tonalá, Ver.	ff90b050-c256-11db-b71b-b8a03c50a862	18.068333	-94.082222			0.0	0.0	0.0	0.0	1998-01-19T01:00Z	19	1	1998	5712324	5712324	PRESERVED_SPECIMEN	IBUNAM	CNPE	IBUNAM-P12030		Alvarez-Pliego,N.; Valencia,D.X.G.	CC_BY_NC_4_0	Comisión Nacional para el Conocimiento y Uso de la Biodiversidad (CONABIO)	Espinosa-Pérez,H.; Daza,Z.D.A.; Padilla,G.J.M.			2017-02-19T00:00Z		GEODETIC_DATUM_ASSUMED_WGS84;COORDINATE_ROUNDED
1419003753	7c95ae39-b477-4863-8dda-2d74dc48b067	urn:catalog:IBUNAM:CNPE:IBUNAM-P382	Animalia	Chordata	Actinopterygii	Syngnathiformes	Syngnathidae	Microphis	Microphis brachyurus		SPECIES	Microphis brachyurus (Bleeker, 1854)	MX	Desembocadura del río Papaloapan, Laguna de Alvarado, Ver.	ff90b050-c256-11db-b71b-b8a03c50a862	18.758333	-95.758333			0.0	0.0	0.0	0.0	1967-11-03T01:00Z	3	11	1967	5712324	5712324	PRESERVED_SPECIMEN	IBUNAM	CNPE	IBUNAM-P382		Reséndez-Medina,A.	CC_BY_NC_4_0	Comisión Nacional para el Conocimiento y Uso de la Biodiversidad (CONABIO)	Reséndez-Medina,A.			2017-02-19T00:00Z		GEODETIC_DATUM_ASSUMED_WGS84;COORDINATE_ROUNDED
1419003609	7c95ae39-b477-4863-8dda-2d74dc48b067	urn:catalog:IBUNAM:CNPE:IBUNAM-P5036	Animalia	Chordata	Actinopterygii	Syngnathiformes	Syngnathidae	Microphis	Microphis brachyurus		SPECIES	Microphis brachyurus (Bleeker, 1854)	MX	Río Las Máquinas, Los Tuxtlas, Ver.	ff90b050-c256-11db-b71b-b8a03c50a862	18.458333	-95.258333			0.0	0.0	0.0	0.0	1986-07-11T02:00Z	11	7	1986	5712324	5712324	PRESERVED_SPECIMEN	IBUNAM	CNPE	IBUNAM-P5036		Schmitter-Soto,J.J.	CC_BY_NC_4_0	Comisión Nacional para el Conocimiento y Uso de la Biodiversidad (CONABIO)	Espinosa-Pérez,H.; Fuentes-Mata,P.			2017-02-19T00:00Z		GEODETIC_DATUM_ASSUMED_WGS84;COORDINATE_ROUNDED
1419003542	7c95ae39-b477-4863-8dda-2d74dc48b067	urn:catalog:IBUNAM:CNPE:IBUNAM-P5318	Animalia	Chordata	Actinopterygii	Syngnathiformes	Syngnathidae	Microphis	Microphis brachyurus		SPECIES	Microphis brachyurus (Bleeker, 1854)	MX	Río Las Máquinas, Los Tuxtlas, Ver.	ff90b050-c256-11db-b71b-b8a03c50a862	18.458333	-95.258333			0.0	0.0	0.0	0.0	1986-09-06T02:00Z	6	9	1986	5712324	5712324	PRESERVED_SPECIMEN	IBUNAM	CNPE	IBUNAM-P5318		Becerril,M.D.	CC_BY_NC_4_0	Comisión Nacional para el Conocimiento y Uso de la Biodiversidad (CONABIO)	Espinosa-Pérez,H.; Fuentes-Mata,P.			2017-02-19T00:00Z		GEODETIC_DATUM_ASSUMED_WGS84;COORDINATE_ROUNDED
1419001907	7c95ae39-b477-4863-8dda-2d74dc48b067	urn:catalog:IBUNAM:CNPE:IBUNAM-P12121	Animalia	Chordata	Actinopterygii	Syngnathiformes	Syngnathidae	Microphis	Microphis brachyurus		SPECIES	Microphis brachyurus (Bleeker, 1854)	MX	Jalapita, Río González (embarcadero), Tab.	ff90b050-c256-11db-b71b-b8a03c50a862	18.414722	-92.999722			0.0	0.0	0.0	0.0	1998-01-23T01:00Z	23	1	1998	5712324	5712324	PRESERVED_SPECIMEN	IBUNAM	CNPE	IBUNAM-P12121		Alvarez-Pliego,N.; Valencia,D.X.G.	CC_BY_NC_4_0	Comisión Nacional para el Conocimiento y Uso de la Biodiversidad (CONABIO)	Espinosa-Pérez,H.; Daza,Z.D.A.; Padilla,G.J.M.			2017-02-19T00:00Z		GEODETIC_DATUM_ASSUMED_WGS84;COORDINATE_ROUNDED
1419001892	7c95ae39-b477-4863-8dda-2d74dc48b067	urn:catalog:IBUNAM:CNPE:IBUNAM-P11937	Animalia	Chordata	Actinopterygii	Syngnathiformes	Syngnathidae	Microphis	Microphis brachyurus		SPECIES	Microphis brachyurus (Bleeker, 1854)	MX	Jalapita, Río González (embarcadero), Tab.	ff90b050-c256-11db-b71b-b8a03c50a862	18.414722	-92.999722			0.0	0.0	0.0	0.0	1997-06-14T02:00Z	14	6	1997	5712324	5712324	PRESERVED_SPECIMEN	IBUNAM	CNPE	IBUNAM-P11937		Padilla,G.J.M.	CC_BY_NC_4_0	Comisión Nacional para el Conocimiento y Uso de la Biodiversidad (CONABIO)	Espinosa-Pérez,H.; Daza,Z.D.A.; Padilla,G.J.M.			2017-02-19T00:00Z		GEODETIC_DATUM_ASSUMED_WGS84;COORDINATE_ROUNDED
1419001837	7c95ae39-b477-4863-8dda-2d74dc48b067	urn:catalog:IBUNAM:CNPE:IBUNAM-P12298	Animalia	Chordata	Actinopterygii	Syngnathiformes	Syngnathidae	Microphis	Microphis brachyurus		SPECIES	Microphis brachyurus (Bleeker, 1854)	MX	Jalapita, Río González (embarcadero), Tab.	ff90b050-c256-11db-b71b-b8a03c50a862	18.414722	-92.999722			0.0	0.0	0.0	0.0	1998-03-27T01:00Z	27	3	1998	5712324	5712324	PRESERVED_SPECIMEN	IBUNAM	CNPE	IBUNAM-P12298		Alvarez-Pliego,N.	CC_BY_NC_4_0	Comisión Nacional para el Conocimiento y Uso de la Biodiversidad (CONABIO)	Espinosa-Pérez,H.; Daza,Z.D.A.; Padilla,G.J.M.			2017-02-19T00:00Z		GEODETIC_DATUM_ASSUMED_WGS84;COORDINATE_ROUNDED
1419000342	7c95ae39-b477-4863-8dda-2d74dc48b067	urn:catalog:IBUNAM:CNPE:IBUNAM-P12268	Animalia	Chordata	Actinopterygii	Syngnathiformes	Syngnathidae	Microphis	Microphis brachyurus		SPECIES	Microphis brachyurus (Bleeker, 1854)	MX	San José del Carmen, Río Tonalá, Ver.	ff90b050-c256-11db-b71b-b8a03c50a862	17.871389	-94.084167			0.0	0.0	0.0	0.0	1998-03-24T01:00Z	24	3	1998	5712324	5712324	PRESERVED_SPECIMEN	IBUNAM	CNPE	IBUNAM-P12268		Alvarez-Pliego,N.	CC_BY_NC_4_0	Comisión Nacional para el Conocimiento y Uso de la Biodiversidad (CONABIO)	Espinosa-Pérez,H.; Daza,Z.D.A.; Padilla,G.J.M.			2017-02-19T00:00Z		GEODETIC_DATUM_ASSUMED_WGS84;COORDINATE_ROUNDED
1418998952	7c95ae39-b477-4863-8dda-2d74dc48b067	urn:catalog:IBUNAM:CNPE:IBUNAM-P4081	Animalia	Chordata	Actinopterygii	Syngnathiformes	Syngnathidae	Microphis	Microphis brachyurus		SPECIES	Microphis brachyurus (Bleeker, 1854)	MX	Laguna de Sontecomapan, Ver.	ff90b050-c256-11db-b71b-b8a03c50a862	18.518611	-95.024722			0.0	0.0	0.0	0.0	1985-10-25T01:00Z	25	10	1985	5712324	5712324	PRESERVED_SPECIMEN	IBUNAM	CNPE	IBUNAM-P4081		Luna,W.J.	CC_BY_NC_4_0	Comisión Nacional para el Conocimiento y Uso de la Biodiversidad (CONABIO)	Espinosa-Pérez,H.; Fuentes-Mata,P.			2017-02-19T00:00Z		GEODETIC_DATUM_ASSUMED_WGS84;COORDINATE_ROUNDED
1418998931	7c95ae39-b477-4863-8dda-2d74dc48b067	urn:catalog:IBUNAM:CNPE:IBUNAM-P5311	Animalia	Chordata	Actinopterygii	Syngnathiformes	Syngnathidae	Microphis	Microphis brachyurus		SPECIES	Microphis brachyurus (Bleeker, 1854)	MX	Laguna de Sontecomapan, Ver.	ff90b050-c256-11db-b71b-b8a03c50a862	18.518611	-95.024722			0.0	0.0	0.0	0.0	1986-09-06T02:00Z	6	9	1986	5712324	5712324	PRESERVED_SPECIMEN	IBUNAM	CNPE	IBUNAM-P5311		Valencia,D.X.G.	CC_BY_NC_4_0	Comisión Nacional para el Conocimiento y Uso de la Biodiversidad (CONABIO)	Espinosa-Pérez,H.; Fuentes-Mata,P.			2017-02-19T00:00Z		GEODETIC_DATUM_ASSUMED_WGS84;COORDINATE_ROUNDED
1418998779	7c95ae39-b477-4863-8dda-2d74dc48b067	urn:catalog:IBUNAM:CNPE:IBUNAM-P451	Animalia	Chordata	Actinopterygii	Syngnathiformes	Syngnathidae	Microphis	Microphis brachyurus		SPECIES	Microphis brachyurus (Bleeker, 1854)	MX	Río San Carlos, Ursulo Galván, Ver.	ff90b050-c256-11db-b71b-b8a03c50a862	19.419167	-96.35			0.0	0.0	0.0	0.0	1972-04-07T01:00Z	7	4	1972	5712324	5712324	PRESERVED_SPECIMEN	IBUNAM	CNPE	IBUNAM-P451		Reséndez-Medina,A.	CC_BY_NC_4_0	Comisión Nacional para el Conocimiento y Uso de la Biodiversidad (CONABIO)	Reséndez-Medina,A.			2017-02-19T00:00Z		GEODETIC_DATUM_ASSUMED_WGS84;COORDINATE_ROUNDED
1418998501	7c95ae39-b477-4863-8dda-2d74dc48b067	urn:catalog:IBUNAM:CNPE:IBUNAM-P12163	Animalia	Chordata	Actinopterygii	Syngnathiformes	Syngnathidae	Microphis	Microphis brachyurus		SPECIES	Microphis brachyurus (Bleeker, 1854)	MX	Río González, Tab.	ff90b050-c256-11db-b71b-b8a03c50a862	18.374722	-92.979167			0.0	0.0	0.0	0.0	1998-01-24T01:00Z	24	1	1998	5712324	5712324	PRESERVED_SPECIMEN	IBUNAM	CNPE	IBUNAM-P12163		Valencia,D.X.G.	CC_BY_NC_4_0	Comisión Nacional para el Conocimiento y Uso de la Biodiversidad (CONABIO)	Espinosa-Pérez,H.; Daza,Z.D.A.; Padilla,G.J.M.			2017-02-19T00:00Z		GEODETIC_DATUM_ASSUMED_WGS84;COORDINATE_ROUNDED
1418997936	7c95ae39-b477-4863-8dda-2d74dc48b067	urn:catalog:IBUNAM:CNPE:IBUNAM-P312	Animalia	Chordata	Actinopterygii	Syngnathiformes	Syngnathidae	Microphis	Microphis brachyurus		SPECIES	Microphis brachyurus (Bleeker, 1854)	MX	En la laguneta del arrecife La Blanquilla, Ver.	ff90b050-c256-11db-b71b-b8a03c50a862	19.166667	-96.1			0.0	0.0	0.0	0.0	1968-05-22T01:00Z	22	5	1968	5712324	5712324	PRESERVED_SPECIMEN	IBUNAM	CNPE	IBUNAM-P312		Reséndez-Medina,A.	CC_BY_NC_4_0	Comisión Nacional para el Conocimiento y Uso de la Biodiversidad (CONABIO)	Reséndez-Medina,A.			2017-02-19T00:00Z		GEODETIC_DATUM_ASSUMED_WGS84;COORDINATE_ROUNDED
1418997646	7c95ae39-b477-4863-8dda-2d74dc48b067	urn:catalog:IBUNAM:CNPE:IBUNAM-P12097	Animalia	Chordata	Actinopterygii	Syngnathiformes	Syngnathidae	Microphis	Microphis brachyurus		SPECIES	Microphis brachyurus (Bleeker, 1854)	MX	Río Tonalá, San José Tancuchapa (puente de Bacal), Ver.	ff90b050-c256-11db-b71b-b8a03c50a862	17.772778	-93.948611			0.0	0.0	0.0	0.0	1998-01-21T01:00Z	21	1	1998	5712324	5712324	PRESERVED_SPECIMEN	IBUNAM	CNPE	IBUNAM-P12097		Valencia,D.X.G.	CC_BY_NC_4_0	Comisión Nacional para el Conocimiento y Uso de la Biodiversidad (CONABIO)	Espinosa-Pérez,H.; Daza,Z.D.A.; Padilla,G.J.M.			2017-02-19T00:00Z		GEODETIC_DATUM_ASSUMED_WGS84;COORDINATE_ROUNDED
1418997005	7c95ae39-b477-4863-8dda-2d74dc48b067	urn:catalog:IBUNAM:CNPE:IBUNAM-P12194	Animalia	Chordata	Actinopterygii	Syngnathiformes	Syngnathidae	Microphis	Microphis brachyurus		SPECIES	Microphis brachyurus (Bleeker, 1854)	MX	Río Tonala, (canal artificial), Ver.	ff90b050-c256-11db-b71b-b8a03c50a862	18.098333	-94.081111			0.0	0.0	0.0	0.0	1998-03-23T01:00Z	23	3	1998	5712324	5712324	PRESERVED_SPECIMEN	IBUNAM	CNPE	IBUNAM-P12194		Alvarez-Pliego,N.	CC_BY_NC_4_0	Comisión Nacional para el Conocimiento y Uso de la Biodiversidad (CONABIO)	Espinosa-Pérez,H.; Daza,Z.D.A.; Padilla,G.J.M.			2017-02-19T00:00Z		GEODETIC_DATUM_ASSUMED_WGS84;COORDINATE_ROUNDED
1418996806	7c95ae39-b477-4863-8dda-2d74dc48b067	urn:catalog:IBUNAM:CNPE:IBUNAM-P11893	Animalia	Chordata	Actinopterygii	Syngnathiformes	Syngnathidae	Microphis	Microphis brachyurus		SPECIES	Microphis brachyurus (Bleeker, 1854)	MX	Canal La Venta, Río Tonalá, Ver.	ff90b050-c256-11db-b71b-b8a03c50a862	18.139722	-94.093333			0.0	0.0	0.0	0.0	1997-06-10T02:00Z	10	6	1997	5712324	5712324	PRESERVED_SPECIMEN	IBUNAM	CNPE	IBUNAM-P11893		Padilla,G.J.M.	CC_BY_NC_4_0	Comisión Nacional para el Conocimiento y Uso de la Biodiversidad (CONABIO)	Espinosa-Pérez,H.; Daza,Z.D.A.; Padilla,G.J.M.			2017-02-19T00:00Z		GEODETIC_DATUM_ASSUMED_WGS84;COORDINATE_ROUNDED
1418995653	7c95ae39-b477-4863-8dda-2d74dc48b067	urn:catalog:IBUNAM:CNPE:IBUNAM-P4537	Animalia	Chordata	Actinopterygii	Syngnathiformes	Syngnathidae	Microphis	Microphis brachyurus		SPECIES	Microphis brachyurus (Bleeker, 1854)	MX	El Fraile, Laguna de Sontecomapan. Ver.	ff90b050-c256-11db-b71b-b8a03c50a862	18.516667	-95.006667			0.0	0.0	0.0	0.0	1986-03-07T01:00Z	7	3	1986	5712324	5712324	PRESERVED_SPECIMEN	IBUNAM	CNPE	IBUNAM-P4537		Fuentes-Mata,P.	CC_BY_NC_4_0	Comisión Nacional para el Conocimiento y Uso de la Biodiversidad (CONABIO)	Espinosa-Pérez,H.; Fuentes-Mata,P.			2017-02-19T00:00Z		GEODETIC_DATUM_ASSUMED_WGS84;COORDINATE_ROUNDED
1418994889	7c95ae39-b477-4863-8dda-2d74dc48b067	urn:catalog:IBUNAM:CNPE:IBUNAM-P4090	Animalia	Chordata	Actinopterygii	Syngnathiformes	Syngnathidae	Microphis	Microphis brachyurus		SPECIES	Microphis brachyurus (Bleeker, 1854)	MX	Los Cocos, Laguna de Sontecomapan, Ver.	ff90b050-c256-11db-b71b-b8a03c50a862	18.523889	-95.016667			0.0	0.0	0.0	0.0	1985-10-25T01:00Z	25	10	1985	5712324	5712324	PRESERVED_SPECIMEN	IBUNAM	CNPE	IBUNAM-P4090		Luna,W.J.	CC_BY_NC_4_0	Comisión Nacional para el Conocimiento y Uso de la Biodiversidad (CONABIO)	Espinosa-Pérez,H.; Fuentes-Mata,P.			2017-02-19T00:00Z		GEODETIC_DATUM_ASSUMED_WGS84;COORDINATE_ROUNDED
1418994849	7c95ae39-b477-4863-8dda-2d74dc48b067	urn:catalog:IBUNAM:CNPE:IBUNAM-P5533	Animalia	Chordata	Actinopterygii	Syngnathiformes	Syngnathidae	Microphis	Microphis brachyurus		SPECIES	Microphis brachyurus (Bleeker, 1854)	MX	Frente a los Muertos, Laguna Sontecomapan, Ver.	ff90b050-c256-11db-b71b-b8a03c50a862	18.5525	-95.011389			0.0	0.0	0.0	0.0	1987-01-29T01:00Z	29	1	1987	5712324	5712324	PRESERVED_SPECIMEN	IBUNAM	CNPE	IBUNAM-P5533		Valencia,D.X.G.	CC_BY_NC_4_0	Comisión Nacional para el Conocimiento y Uso de la Biodiversidad (CONABIO)	Espinosa-Pérez,H.; Fuentes-Mata,P.			2017-02-19T00:00Z		GEODETIC_DATUM_ASSUMED_WGS84;COORDINATE_ROUNDED
1418035494	5000c6ca-d69a-4cc7-a4d2-1747803ce7e1	urn:catalog:FCB-UANL:UANL:UANL - 9915	Animalia	Chordata	Actinopterygii	Syngnathiformes	Syngnathidae	Microphis	Microphis brachyurus		SPECIES	Microphis brachyurus (Bleeker, 1854)	MX	Estero 2 Km NW Antón Lizardo. Veracruz	ff90b050-c256-11db-b71b-b8a03c50a862	19.095833	-96.069444			0.0	0.0	0.0	0.0	1988-10-13T01:00Z	13	10	1988	5712324	5712324	PRESERVED_SPECIMEN	FCB-UANL	UANL	UANL - 9915		Hortencia Obregón Barboza	CC_BY_NC_4_0	Comisión Nacional para el Conocimiento y Uso de la Biodiversidad (CONABIO)	Salvador Contreras Balderas; Ma. de Lourdes Lozano Vilano; Armando Contreras Balderas; Hortencia Obregón Barboza; Pablo Barrón Razo			2017-02-19T00:00Z		GEODETIC_DATUM_ASSUMED_WGS84;COORDINATE_ROUNDED
1418035059	5000c6ca-d69a-4cc7-a4d2-1747803ce7e1	urn:catalog:FCB-UANL:UANL:UANL - 9940	Animalia	Chordata	Actinopterygii	Syngnathiformes	Syngnathidae	Microphis	Microphis brachyurus		SPECIES	Microphis brachyurus (Bleeker, 1854)	MX	Canales, Isla del Amor. Veracruz	ff90b050-c256-11db-b71b-b8a03c50a862	19.15	-96.1			0.0	0.0	0.0	0.0	1988-10-14T01:00Z	14	10	1988	5712324	5712324	PRESERVED_SPECIMEN	FCB-UANL	UANL	UANL - 9940		Hortencia Obregón Barboza	CC_BY_NC_4_0	Comisión Nacional para el Conocimiento y Uso de la Biodiversidad (CONABIO)	Salvador Contreras Balderas; Ma. de Lourdes Lozano Vilano; Armando Contreras Balderas; Hortencia Obregón Barboza; Pablo Barrón Razo			2017-02-19T00:00Z		GEODETIC_DATUM_ASSUMED_WGS84
1418033525	5000c6ca-d69a-4cc7-a4d2-1747803ce7e1	urn:catalog:FCB-UANL:UANL:UANL - 9589	Animalia	Chordata	Actinopterygii	Syngnathiformes	Syngnathidae	Microphis	Microphis brachyurus		SPECIES	Microphis brachyurus (Bleeker, 1854)	MX	Estero Tamós, Carretera Tampico - Valles. Veracruz	ff90b050-c256-11db-b71b-b8a03c50a862	22.216667	-97.977778			0.0	0.0	0.0	0.0	1986-07-09T02:00Z	9	7	1986	5712324	5712324	PRESERVED_SPECIMEN	FCB-UANL	UANL	UANL - 9589		Hortencia Obregón Barboza	CC_BY_NC_4_0	Comisión Nacional para el Conocimiento y Uso de la Biodiversidad (CONABIO)	Salvador Contreras Balderas; Ma. de Lourdes Lozano Vilano; Armando Contreras Balderas; Hortencia Obregón Barboza; Pablo Barrón Razo			2017-02-19T00:00Z		GEODETIC_DATUM_ASSUMED_WGS84;COORDINATE_ROUNDED
1322220500	821cc27a-e3bb-4bc5-ac34-89ada245069d	http://n2t.net/ark:/65665/3ddfc0735-9ab3-4399-80c6-47aebc625af6	Animalia	Chordata	Actinopterygii	Syngnathiformes	Syngnathidae	Microphis	Microphis brachyurus		SPECIES	Microphis brachyurus (Bleeker, 1854)	MX	Mexico: Tabasco, Montecristo	bc092ff0-02e4-11dc-991f-b8a03c50a862									1900-05-07T01:00Z	7	5	1900	5712324	5712324	PRESERVED_SPECIMEN	USNM	Fishes	5165			CC0_1_0		E. Nelson & E. Goldman			2017-06-03T16:08Z		
1319362604	821cc27a-e3bb-4bc5-ac34-89ada245069d	http://n2t.net/ark:/65665/35f8f09f4-b945-47ef-b857-6ba56a49ae85	Animalia	Chordata	Actinopterygii	Syngnathiformes	Syngnathidae	Microphis	Microphis brachyurus		SPECIES	Microphis brachyurus (Bleeker, 1854)	US	Puerto Rico, Mouth of Pitahaya +, Just East of Luquilo.	bc092ff0-02e4-11dc-991f-b8a03c50a862									1945-08-23T01:00Z	23	8	1945	5712324	5712324	PRESERVED_SPECIMEN	USNM	Fishes	128827			CC0_1_0		D. Erdman et al.			2017-06-03T02:48Z		
1318465511	821cc27a-e3bb-4bc5-ac34-89ada245069d	http://n2t.net/ark:/65665/337dedf03-c678-41d5-950d-a559bba12aff	Animalia	Chordata	Actinopterygii	Syngnathiformes	Syngnathidae	Microphis	Microphis brachyurus		SPECIES	Microphis brachyurus (Bleeker, 1854)	US	West Indies: Rio Canovanas, Canovanas, Puerto Rico	bc092ff0-02e4-11dc-991f-b8a03c50a862									1934-02-16T01:00Z	16	2	1934	5712324	5712324	PRESERVED_SPECIMEN	USNM	Fishes	101440			CC0_1_0		S. Hildebrand			2017-06-02T22:24Z		
1317368491	821cc27a-e3bb-4bc5-ac34-89ada245069d	http://n2t.net/ark:/65665/3075498e6-9b09-40e6-ae14-82e171428654	Animalia	Chordata	Actinopterygii	Syngnathiformes	Syngnathidae	Microphis	Microphis brachyurus		SPECIES	Microphis brachyurus (Bleeker, 1854)	US	Atlantic Coast, U.S.	bc092ff0-02e4-11dc-991f-b8a03c50a862													5712324	5712324	PRESERVED_SPECIMEN	USNM	Fishes	34615			CC0_1_0		J. Brevoort			2017-06-02T21:45Z		
1274334613	7fd12114-9010-4c13-8f46-990fe04ca882		Animalia	Chordata	Actinopterygii	Syngnathiformes	Syngnathidae	Microphis	Microphis brachyurus		SPECIES	Microphis brachyurus (Bleeker, 1854)	US	Manatee	aa40a1e0-818b-11d9-b6d0-b8a03c50a862									1978-01-01T01:00Z			1978	5712324	5712324	LITERATURE	NTSRV	FL-NHP	23-15322-389			CC_BY_NC_4_0	NatureServe				2017-02-19T00:00Z		RECORDED_DATE_MISMATCH
1274334604	7fd12114-9010-4c13-8f46-990fe04ca882		Animalia	Chordata	Actinopterygii	Syngnathiformes	Syngnathidae	Microphis	Microphis brachyurus		SPECIES	Microphis brachyurus (Bleeker, 1854)	US	Hillsborough	aa40a1e0-818b-11d9-b6d0-b8a03c50a862									1978-01-01T01:00Z			1978	5712324	5712324	LITERATURE	NTSRV	FL-NHP	23-15322-377			CC_BY_NC_4_0	NatureServe				2017-02-19T00:00Z		RECORDED_DATE_MISMATCH
1274334466	7fd12114-9010-4c13-8f46-990fe04ca882		Animalia	Chordata	Actinopterygii	Syngnathiformes	Syngnathidae	Microphis	Microphis brachyurus		SPECIES	Microphis brachyurus (Bleeker, 1854)	US	Pinellas	aa40a1e0-818b-11d9-b6d0-b8a03c50a862									1978-01-01T01:00Z			1978	5712324	5712324	LITERATURE	NTSRV	FL-NHP	23-15322-400			CC_BY_NC_4_0	NatureServe				2017-02-19T00:00Z		RECORDED_DATE_MISMATCH
1274317937	7fd12114-9010-4c13-8f46-990fe04ca882		Animalia	Chordata	Actinopterygii	Syngnathiformes	Syngnathidae	Microphis	Microphis brachyurus		SPECIES	Microphis brachyurus (Bleeker, 1854)	US	Indian River	aa40a1e0-818b-11d9-b6d0-b8a03c50a862									1981-01-01T01:00Z			1981	5712324	5712324	UNKNOWN	NTSRV	FL-NHP	23-91-379			CC_BY_NC_4_0	NatureServe				2017-02-19T00:00Z		BASIS_OF_RECORD_INVALID
1274317904	7fd12114-9010-4c13-8f46-990fe04ca882		Animalia	Chordata	Actinopterygii	Syngnathiformes	Syngnathidae	Microphis	Microphis brachyurus		SPECIES	Microphis brachyurus (Bleeker, 1854)	US	Brevard	aa40a1e0-818b-11d9-b6d0-b8a03c50a862									1981-01-01T01:00Z			1981	5712324	5712324	UNKNOWN	NTSRV	FL-NHP	23-91-353			CC_BY_NC_4_0	NatureServe				2017-02-19T00:00Z		BASIS_OF_RECORD_INVALID
1274141424	7fd12114-9010-4c13-8f46-990fe04ca882		Animalia	Chordata	Actinopterygii	Syngnathiformes	Syngnathidae	Microphis	Microphis brachyurus		SPECIES	Microphis brachyurus (Bleeker, 1854)	US	St. Lucie	aa40a1e0-818b-11d9-b6d0-b8a03c50a862									1981-01-01T01:00Z			1981	5712324	5712324	LITERATURE	NTSRV	FL-NHP	23-20517-407			CC_BY_NC_4_0	NatureServe				2017-02-19T00:00Z		RECORDED_DATE_MISMATCH
1274141422	7fd12114-9010-4c13-8f46-990fe04ca882		Animalia	Chordata	Actinopterygii	Syngnathiformes	Syngnathidae	Microphis	Microphis brachyurus		SPECIES	Microphis brachyurus (Bleeker, 1854)	US	Indian River	aa40a1e0-818b-11d9-b6d0-b8a03c50a862									1981-01-01T01:00Z			1981	5712324	5712324	UNKNOWN	NTSRV	FL-NHP	23-20515-379			CC_BY_NC_4_0	NatureServe				2017-02-19T00:00Z		BASIS_OF_RECORD_INVALID
1274141412	7fd12114-9010-4c13-8f46-990fe04ca882		Animalia	Chordata	Actinopterygii	Syngnathiformes	Syngnathidae	Microphis	Microphis brachyurus		SPECIES	Microphis brachyurus (Bleeker, 1854)	US	Indian River	aa40a1e0-818b-11d9-b6d0-b8a03c50a862									1981-01-01T01:00Z			1981	5712324	5712324	LITERATURE	NTSRV	FL-NHP	23-20517-379			CC_BY_NC_4_0	NatureServe				2017-02-19T00:00Z		RECORDED_DATE_MISMATCH
1274137526	7fd12114-9010-4c13-8f46-990fe04ca882		Animalia	Chordata	Actinopterygii	Syngnathiformes	Syngnathidae	Microphis	Microphis brachyurus		SPECIES	Microphis brachyurus (Bleeker, 1854)	US	Duval	aa40a1e0-818b-11d9-b6d0-b8a03c50a862									1955-01-01T01:00Z			1955	5712324	5712324	LITERATURE	NTSRV	FL-NHP	23-10182-364			CC_BY_NC_4_0	NatureServe				2017-02-19T00:00Z		
1274135961	7fd12114-9010-4c13-8f46-990fe04ca882		Animalia	Chordata	Actinopterygii	Syngnathiformes	Syngnathidae	Microphis	Microphis brachyurus		SPECIES	Microphis brachyurus (Bleeker, 1854)	US	Palm Beach	aa40a1e0-818b-11d9-b6d0-b8a03c50a862									1981-01-01T01:00Z			1981	5712324	5712324	LITERATURE	NTSRV	FL-NHP	23-7380-398			CC_BY_NC_4_0	NatureServe				2017-02-19T00:00Z		
1274132745	7fd12114-9010-4c13-8f46-990fe04ca882		Animalia	Chordata	Actinopterygii	Syngnathiformes	Syngnathidae	Microphis	Microphis brachyurus		SPECIES	Microphis brachyurus (Bleeker, 1854)	US	Martin	aa40a1e0-818b-11d9-b6d0-b8a03c50a862									1981-01-01T01:00Z			1981	5712324	5712324	UNKNOWN	NTSRV	FL-NHP	23-9738-391			CC_BY_NC_4_0	NatureServe				2017-02-19T00:00Z		BASIS_OF_RECORD_INVALID
1274132682	7fd12114-9010-4c13-8f46-990fe04ca882		Animalia	Chordata	Actinopterygii	Syngnathiformes	Syngnathidae	Microphis	Microphis brachyurus		SPECIES	Microphis brachyurus (Bleeker, 1854)	US	St. Johns	aa40a1e0-818b-11d9-b6d0-b8a03c50a862									1953-10-23T01:00Z	23	10	1953	5712324	5712324	LITERATURE	NTSRV	FL-NHP	23-2183-406			CC_BY_NC_4_0	NatureServe				2017-02-19T00:00Z		RECORDED_DATE_MISMATCH
1274130847	7fd12114-9010-4c13-8f46-990fe04ca882		Animalia	Chordata	Actinopterygii	Syngnathiformes	Syngnathidae	Microphis	Microphis brachyurus		SPECIES	Microphis brachyurus (Bleeker, 1854)	US	Indian River	aa40a1e0-818b-11d9-b6d0-b8a03c50a862									1981-01-01T01:00Z			1981	5712324	5712324	UNKNOWN	NTSRV	FL-NHP	23-27737-379			CC_BY_NC_4_0	NatureServe				2017-02-19T00:00Z		BASIS_OF_RECORD_INVALID
1274127887	7fd12114-9010-4c13-8f46-990fe04ca882		Animalia	Chordata	Actinopterygii	Syngnathiformes	Syngnathidae	Microphis	Microphis brachyurus		SPECIES	Microphis brachyurus (Bleeker, 1854)	US	Indian River	aa40a1e0-818b-11d9-b6d0-b8a03c50a862									1981-01-01T01:00Z			1981	5712324	5712324	UNKNOWN	NTSRV	FL-NHP	23-28422-379			CC_BY_NC_4_0	NatureServe				2017-02-19T00:00Z		BASIS_OF_RECORD_INVALID
1143545628	50c9509d-22c7-4a22-a47d-8c48425ef4a7	http://www.inaturalist.org/observations/1956945	Animalia	Chordata	Actinopterygii	Syngnathiformes	Syngnathidae	Microphis	Microphis brachyurus		SPECIES	Microphis brachyurus (Bleeker, 1854)	MX		28eb1a3f-1c15-4a95-931a-4af90ecb574d	15.812435	-96.06308	255.0						2008-07-29T16:27Z	29	7	2008	5712324	5712324	HUMAN_OBSERVATION	iNaturalist	Observations	1956945			CC_BY_NC_4_0	Erick Noe Tapia Banda	Erick Noe Tapia Banda			2017-06-08T08:54Z	STILLIMAGE	GEODETIC_DATUM_ASSUMED_WGS84
1137115698	8a1073ce-54a4-4712-89a6-e14d82836d9e	04510c1e-2c79-11e4-b6be-a4badbf9cec0	Animalia	Chordata	Actinopterygii	Syngnathiformes	Syngnathidae	Microphis	Microphis brachyurus		SPECIES	Microphis brachyurus (Bleeker, 1854)	US	Murrell's Inlet	c361e830-181e-11da-9544-b8a03c50a862									2009-01-08T01:00Z	8	1	2009	5712324	5712324	PRESERVED_SPECIMEN	LSUMZ	Fishes	17531			CC0_1_0		McMahan, Caleb; Broach, Jason		NATIVE	2017-02-19T00:00Z		
1135644474	b6015b60-6f96-43a9-88e5-2f41854e8f07	urn:catalog:TCWC:Ichthyology:16200.1	Animalia	Chordata	Actinopterygii	Syngnathiformes	Syngnathidae	Microphis	Microphis brachyurus		SPECIES	Microphis brachyurus (Bleeker, 1854)	US	Just upstream of saltwater barrier; boat ramp on east shore where Pine Island Bayou meets Neches	2b8e48b0-812d-11de-86fe-b8a03c50a862	30.16139	-94.11361							2012-07-19T02:00Z	19	7	2012	5712324	5712324	PRESERVED_SPECIMEN	TCWC	Ichthyology	16200.1		Pizano, R./2013	CC0_1_0		Pizano, R., Lozada, C., Libson, M., Pagotto, J.		NATIVE	2017-02-19T00:00Z		
1024524136	d499aef2-b1d9-4890-aeb3-5f0d1237b513	8d571a1c-e848-4b8d-8708-717cbb1f1252	Animalia	Chordata	Actinopterygii	Syngnathiformes	Syngnathidae	Microphis	Microphis brachyurus		SPECIES	Microphis brachyurus (Bleeker, 1854)	US	Sardine Pass, Spanish Fork, Alabama at game and fish station boat ramp	34cc6c50-812c-11de-86fe-b8a03c50a862	30.665673	-87.930656							1999-09-08T02:00Z	8	9	1999	5712324	5712324	PRESERVED_SPECIMEN	AUM	Fish	29731			CC0_1_0		J.D. Evans, M Ferrara		NATIVE	2017-02-19T00:00Z		
890186029	eccf4b09-f0c8-462d-a48c-41a7ce36815a	B91B8266-2D6E-4F86-9D69-E3C4A3FEFB7F	Animalia	Chordata	Actinopterygii	Syngnathiformes	Syngnathidae	Microphis	Microphis brachyurus		SPECIES	Microphis brachyurus (Bleeker, 1854)	US	Canal @ MIA, Southern terminus of Canal @ Perimeter Rd., Canal Parallels NW 68 ave	8483a1f0-1032-11db-ae00-b8a03c50a862	25.78965	-80.30862							2013-10-23T02:00Z	23	10	2013	5712324	5712324	PRESERVED_SPECIMEN	UF	Fish	186961			CC_BY_NC_4_0		Krysko, Robins.; Randall; Lumbantobing			2017-02-19T00:00Z		GEODETIC_DATUM_ASSUMED_WGS84
866117056	6080b6cc-1c24-41ff-ad7f-0ebe7b56f311	urn:catalog:TNHC:Ichthyology:10832	Animalia	Chordata	Actinopterygii	Syngnathiformes	Syngnathidae	Microphis	Microphis brachyurus		SPECIES	Oostethus brachyurus (Bleeker, 1854)	US	N Fork Sebastian Creek, between confluence of N Prong & dam	3c6ad080-bdbe-11da-ac59-b8a03c50a862	27.839141	-80.517994	570.0						1981-05-22T02:00Z	22	5	1981	4286302	5712324	PRESERVED_SPECIMEN	TNHC	Ichthyology	10832			CC0_1_0		Mosier, D.; Pezold, F.		NATIVE	2017-02-19T03:38Z		PRESUMED_NEGATED_LONGITUDE
866116948	6080b6cc-1c24-41ff-ad7f-0ebe7b56f311	urn:catalog:TNHC:Ichthyology:10857	Animalia	Chordata	Actinopterygii	Syngnathiformes	Syngnathidae	Microphis	Microphis brachyurus		SPECIES	Oostethus brachyurus (Bleeker, 1854)	US	W Prong of SW Fork of Loxahatchee River, Jupiter 1.7 mi. W Hwy A1a on W Center St.	3c6ad080-bdbe-11da-ac59-b8a03c50a862	26.940901	-80.120185	90.0						1981-05-23T02:00Z	23	5	1981	4286302	5712324	PRESERVED_SPECIMEN	TNHC	Ichthyology	10857			CC0_1_0		Mosier, Doyle		NATIVE	2017-02-19T03:38Z		PRESUMED_NEGATED_LONGITUDE
864456075	197908d0-5565-11d8-b290-b8a03c50a862	FishBase:Occurrence:GCRL 6530	Animalia	Chordata	Actinopterygii	Syngnathiformes	Syngnathidae	Microphis	Microphis brachyurus		SPECIES	Microphis brachyurus (Bleeker, 1854)	US	MISS. SND.	192a9ab0-5565-11d8-b290-b8a03c50a862									1971-06-25T01:00Z	25	6	1971	5712324	5712324	PRESERVED_SPECIMEN	FishBase	Occurrence	GCRL 6530			CC_BY_NC_4_0					2017-03-17T11:27Z		
864456042	197908d0-5565-11d8-b290-b8a03c50a862	FishBase:Occurrence:GCRL 6515	Animalia	Chordata	Actinopterygii	Syngnathiformes	Syngnathidae	Microphis	Microphis brachyurus		SPECIES	Microphis brachyurus (Bleeker, 1854)	US	MISS. SND.	192a9ab0-5565-11d8-b290-b8a03c50a862									1971-08-05T01:00Z	5	8	1971	5712324	5712324	PRESERVED_SPECIMEN	FishBase	Occurrence	GCRL 6515			CC_BY_NC_4_0					2017-03-17T11:27Z		
864456039	197908d0-5565-11d8-b290-b8a03c50a862	FishBase:Occurrence:GCRL 6556	Animalia	Chordata	Actinopterygii	Syngnathiformes	Syngnathidae	Microphis	Microphis brachyurus		SPECIES	Microphis brachyurus (Bleeker, 1854)	US	MISS. SND.	192a9ab0-5565-11d8-b290-b8a03c50a862									1971-07-22T01:00Z	22	7	1971	5712324	5712324	PRESERVED_SPECIMEN	FishBase	Occurrence	GCRL 6556			CC_BY_NC_4_0					2017-03-17T11:27Z		
864455925	197908d0-5565-11d8-b290-b8a03c50a862	FishBase:Occurrence:GCRL 5731	Animalia	Chordata	Actinopterygii	Syngnathiformes	Syngnathidae	Microphis	Microphis brachyurus		SPECIES	Microphis brachyurus (Bleeker, 1854)	US	MISS. SND.	192a9ab0-5565-11d8-b290-b8a03c50a862									1970-01-11T01:00Z	11	1	1970	5712324	5712324	PRESERVED_SPECIMEN	FishBase	Occurrence	GCRL 5731			CC_BY_NC_4_0					2017-03-17T11:27Z		
864455531	197908d0-5565-11d8-b290-b8a03c50a862	FishBase:Occurrence:GCRL 4933	Animalia	Chordata	Actinopterygii	Syngnathiformes	Syngnathidae	Microphis	Microphis brachyurus		SPECIES	Microphis brachyurus (Bleeker, 1854)	MX	VERACRUZ, RIO JAMAPA	192a9ab0-5565-11d8-b290-b8a03c50a862	19.097222	-96.110556					1.0		1970-01-05T01:00Z	5	1	1970	5712324	5712324	PRESERVED_SPECIMEN	FishBase	Occurrence	GCRL 4933			CC_BY_NC_4_0		DAWSON AND MUNOZ			2017-03-17T11:27Z		GEODETIC_DATUM_ASSUMED_WGS84;COORDINATE_ROUNDED
864455510	197908d0-5565-11d8-b290-b8a03c50a862	FishBase:Occurrence:GCRL 4610	Animalia	Chordata	Actinopterygii	Syngnathiformes	Syngnathidae	Microphis	Microphis brachyurus		SPECIES	Microphis brachyurus (Bleeker, 1854)	US	MISS. SND.	192a9ab0-5565-11d8-b290-b8a03c50a862									1970-01-06T01:00Z	6	1	1970	5712324	5712324	PRESERVED_SPECIMEN	FishBase	Occurrence	GCRL 4610			CC_BY_NC_4_0					2017-03-17T11:27Z		
864455476	197908d0-5565-11d8-b290-b8a03c50a862	FishBase:Occurrence:GCRL 4631	Animalia	Chordata	Actinopterygii	Syngnathiformes	Syngnathidae	Microphis	Microphis brachyurus		SPECIES	Microphis brachyurus (Bleeker, 1854)	US	MISS. SND.	192a9ab0-5565-11d8-b290-b8a03c50a862									1970-08-01T01:00Z	1	8	1970	5712324	5712324	PRESERVED_SPECIMEN	FishBase	Occurrence	GCRL 4631			CC_BY_NC_4_0					2017-03-17T11:27Z		
864455289	197908d0-5565-11d8-b290-b8a03c50a862	FishBase:Occurrence:GCRL 3893	Animalia	Chordata	Actinopterygii	Syngnathiformes	Syngnathidae	Microphis	Microphis brachyurus		SPECIES	Microphis brachyurus (Bleeker, 1854)	US	MISS. SND.	192a9ab0-5565-11d8-b290-b8a03c50a862									1969-09-27T01:00Z	27	9	1969	5712324	5712324	PRESERVED_SPECIMEN	FishBase	Occurrence	GCRL 3893			CC_BY_NC_4_0					2017-03-17T11:27Z		
864455286	197908d0-5565-11d8-b290-b8a03c50a862	FishBase:Occurrence:GCRL 3892	Animalia	Chordata	Actinopterygii	Syngnathiformes	Syngnathidae	Microphis	Microphis brachyurus		SPECIES	Microphis brachyurus (Bleeker, 1854)	US	MISS. SND.	192a9ab0-5565-11d8-b290-b8a03c50a862									1969-07-09T01:00Z	9	7	1969	5712324	5712324	PRESERVED_SPECIMEN	FishBase	Occurrence	GCRL 3892			CC_BY_NC_4_0					2017-03-17T11:27Z		
864455280	197908d0-5565-11d8-b290-b8a03c50a862	FishBase:Occurrence:GCRL 3891	Animalia	Chordata	Actinopterygii	Syngnathiformes	Syngnathidae	Microphis	Microphis brachyurus		SPECIES	Microphis brachyurus (Bleeker, 1854)	US	MISS. SND.	192a9ab0-5565-11d8-b290-b8a03c50a862									1969-08-14T01:00Z	14	8	1969	5712324	5712324	PRESERVED_SPECIMEN	FishBase	Occurrence	GCRL 3891			CC_BY_NC_4_0					2017-03-17T11:27Z		
864455272	197908d0-5565-11d8-b290-b8a03c50a862	FishBase:Occurrence:GCRL 3842	Animalia	Chordata	Actinopterygii	Syngnathiformes	Syngnathidae	Microphis	Microphis brachyurus		SPECIES	Microphis brachyurus (Bleeker, 1854)	US	MISS. SND.	192a9ab0-5565-11d8-b290-b8a03c50a862									1969-01-08T01:00Z	8	1	1969	5712324	5712324	PRESERVED_SPECIMEN	FishBase	Occurrence	GCRL 3842			CC_BY_NC_4_0					2017-03-17T11:27Z		
864455265	197908d0-5565-11d8-b290-b8a03c50a862	FishBase:Occurrence:GCRL 3841	Animalia	Chordata	Actinopterygii	Syngnathiformes	Syngnathidae	Microphis	Microphis brachyurus		SPECIES	Microphis brachyurus (Bleeker, 1854)	US	MISS. SND.	192a9ab0-5565-11d8-b290-b8a03c50a862									1969-07-28T01:00Z	28	7	1969	5712324	5712324	PRESERVED_SPECIMEN	FishBase	Occurrence	GCRL 3841			CC_BY_NC_4_0					2017-03-17T11:27Z		
864455260	197908d0-5565-11d8-b290-b8a03c50a862	FishBase:Occurrence:GCRL 3840	Animalia	Chordata	Actinopterygii	Syngnathiformes	Syngnathidae	Microphis	Microphis brachyurus		SPECIES	Microphis brachyurus (Bleeker, 1854)	US	MISS. SND.	192a9ab0-5565-11d8-b290-b8a03c50a862									1969-07-21T01:00Z	21	7	1969	5712324	5712324	PRESERVED_SPECIMEN	FishBase	Occurrence	GCRL 3840			CC_BY_NC_4_0					2017-03-17T11:27Z		
864455255	197908d0-5565-11d8-b290-b8a03c50a862	FishBase:Occurrence:GCRL 384	Animalia	Chordata	Actinopterygii	Syngnathiformes	Syngnathidae	Microphis	Microphis brachyurus		SPECIES	Microphis brachyurus (Bleeker, 1854)	US	MISS. SND.	192a9ab0-5565-11d8-b290-b8a03c50a862									1961-07-25T01:00Z	25	7	1961	5712324	5712324	PRESERVED_SPECIMEN	FishBase	Occurrence	GCRL 384			CC_BY_NC_4_0					2017-03-17T11:27Z		
864455250	197908d0-5565-11d8-b290-b8a03c50a862	FishBase:Occurrence:GCRL 4026	Animalia	Chordata	Actinopterygii	Syngnathiformes	Syngnathidae	Microphis	Microphis brachyurus		SPECIES	Microphis brachyurus (Bleeker, 1854)	US	MISS. SND.	192a9ab0-5565-11d8-b290-b8a03c50a862									1969-09-24T01:00Z	24	9	1969	5712324	5712324	PRESERVED_SPECIMEN	FishBase	Occurrence	GCRL 4026			CC_BY_NC_4_0					2017-03-17T11:27Z		
864455228	197908d0-5565-11d8-b290-b8a03c50a862	FishBase:Occurrence:GCRL 3875	Animalia	Chordata	Actinopterygii	Syngnathiformes	Syngnathidae	Microphis	Microphis brachyurus		SPECIES	Microphis brachyurus (Bleeker, 1854)	US	MISS. SND.	192a9ab0-5565-11d8-b290-b8a03c50a862									1969-06-08T01:00Z	8	6	1969	5712324	5712324	PRESERVED_SPECIMEN	FishBase	Occurrence	GCRL 3875			CC_BY_NC_4_0					2017-03-17T11:27Z		
864455222	197908d0-5565-11d8-b290-b8a03c50a862	FishBase:Occurrence:GCRL 3686	Animalia	Chordata	Actinopterygii	Syngnathiformes	Syngnathidae	Microphis	Microphis brachyurus		SPECIES	Microphis brachyurus (Bleeker, 1854)	MX	VERACRUZ, RIO JAMAPA	192a9ab0-5565-11d8-b290-b8a03c50a862	19.097222	-96.110556					1.0		1969-06-17T01:00Z	17	6	1969	5712324	5712324	PRESERVED_SPECIMEN	FishBase	Occurrence	GCRL 3686			CC_BY_NC_4_0		DAWSON AND F MUNOZ			2017-03-17T11:27Z		GEODETIC_DATUM_ASSUMED_WGS84;COORDINATE_ROUNDED
864455197	197908d0-5565-11d8-b290-b8a03c50a862	FishBase:Occurrence:GCRL 3717	Animalia	Chordata	Actinopterygii	Syngnathiformes	Syngnathidae	Microphis	Microphis brachyurus		SPECIES	Microphis brachyurus (Bleeker, 1854)	US	MISS. SND.	192a9ab0-5565-11d8-b290-b8a03c50a862									1969-11-07T01:00Z	7	11	1969	5712324	5712324	PRESERVED_SPECIMEN	FishBase	Occurrence	GCRL 3717			CC_BY_NC_4_0					2017-03-17T11:27Z		
864454361	197908d0-5565-11d8-b290-b8a03c50a862	FishBase:Occurrence:GCRL 2753	Animalia	Chordata	Actinopterygii	Syngnathiformes	Syngnathidae	Microphis	Microphis brachyurus		SPECIES	Microphis brachyurus (Bleeker, 1854)	US	MISS. SND.	192a9ab0-5565-11d8-b290-b8a03c50a862									1968-10-07T01:00Z	7	10	1968	5712324	5712324	PRESERVED_SPECIMEN	FishBase	Occurrence	GCRL 2753			CC_BY_NC_4_0					2017-03-17T11:27Z		
864454308	197908d0-5565-11d8-b290-b8a03c50a862	FishBase:Occurrence:GCRL 2752	Animalia	Chordata	Actinopterygii	Syngnathiformes	Syngnathidae	Microphis	Microphis brachyurus		SPECIES	Microphis brachyurus (Bleeker, 1854)	US	MISS. SND.	192a9ab0-5565-11d8-b290-b8a03c50a862									1968-06-26T01:00Z	26	6	1968	5712324	5712324	PRESERVED_SPECIMEN	FishBase	Occurrence	GCRL 2752			CC_BY_NC_4_0					2017-03-17T11:27Z		
864454254	197908d0-5565-11d8-b290-b8a03c50a862	FishBase:Occurrence:GCRL 2751	Animalia	Chordata	Actinopterygii	Syngnathiformes	Syngnathidae	Microphis	Microphis brachyurus		SPECIES	Microphis brachyurus (Bleeker, 1854)	US	MISS. SND.	192a9ab0-5565-11d8-b290-b8a03c50a862									1968-06-24T01:00Z	24	6	1968	5712324	5712324	PRESERVED_SPECIMEN	FishBase	Occurrence	GCRL 2751			CC_BY_NC_4_0					2017-03-17T11:27Z		
864454249	197908d0-5565-11d8-b290-b8a03c50a862	FishBase:Occurrence:GCRL 2756	Animalia	Chordata	Actinopterygii	Syngnathiformes	Syngnathidae	Microphis	Microphis brachyurus		SPECIES	Microphis brachyurus (Bleeker, 1854)	US	MISS. SND.	192a9ab0-5565-11d8-b290-b8a03c50a862									1968-09-21T01:00Z	21	9	1968	5712324	5712324	PRESERVED_SPECIMEN	FishBase	Occurrence	GCRL 2756			CC_BY_NC_4_0					2017-03-17T11:27Z		
864454184	197908d0-5565-11d8-b290-b8a03c50a862	FishBase:Occurrence:GCRL 2755	Animalia	Chordata	Actinopterygii	Syngnathiformes	Syngnathidae	Microphis	Microphis brachyurus		SPECIES	Microphis brachyurus (Bleeker, 1854)	US	MISS. SND.	192a9ab0-5565-11d8-b290-b8a03c50a862									1968-08-25T01:00Z	25	8	1968	5712324	5712324	PRESERVED_SPECIMEN	FishBase	Occurrence	GCRL 2755			CC_BY_NC_4_0					2017-03-17T11:27Z		
864454123	197908d0-5565-11d8-b290-b8a03c50a862	FishBase:Occurrence:GCRL 2754	Animalia	Chordata	Actinopterygii	Syngnathiformes	Syngnathidae	Microphis	Microphis brachyurus		SPECIES	Microphis brachyurus (Bleeker, 1854)	US	MISS. SND.	192a9ab0-5565-11d8-b290-b8a03c50a862									1968-06-23T01:00Z	23	6	1968	5712324	5712324	PRESERVED_SPECIMEN	FishBase	Occurrence	GCRL 2754			CC_BY_NC_4_0					2017-03-17T11:27Z		
864451395	197908d0-5565-11d8-b290-b8a03c50a862	FishBase:Occurrence:GCRL 2296	Animalia	Chordata	Actinopterygii	Syngnathiformes	Syngnathidae	Microphis	Microphis brachyurus		SPECIES	Microphis brachyurus (Bleeker, 1854)	US	MISS. SND.	192a9ab0-5565-11d8-b290-b8a03c50a862									1967-08-20T01:00Z	20	8	1967	5712324	5712324	PRESERVED_SPECIMEN	FishBase	Occurrence	GCRL 2296			CC_BY_NC_4_0					2017-03-17T11:27Z		
864450442	197908d0-5565-11d8-b290-b8a03c50a862	FishBase:Occurrence:GCRL 2077	Animalia	Chordata	Actinopterygii	Syngnathiformes	Syngnathidae	Microphis	Microphis brachyurus		SPECIES	Microphis brachyurus (Bleeker, 1854)	US	MISS. SND.	192a9ab0-5565-11d8-b290-b8a03c50a862									1967-10-06T01:00Z	6	10	1967	5712324	5712324	PRESERVED_SPECIMEN	FishBase	Occurrence	GCRL 2077			CC_BY_NC_4_0					2017-03-17T11:27Z		
864447102	197908d0-5565-11d8-b290-b8a03c50a862	FishBase:Occurrence:GCRL 1612	Animalia	Chordata	Actinopterygii	Syngnathiformes	Syngnathidae	Microphis	Microphis brachyurus		SPECIES	Microphis brachyurus (Bleeker, 1854)	US	MISS. SND.	192a9ab0-5565-11d8-b290-b8a03c50a862									1966-07-11T01:00Z	11	7	1966	5712324	5712324	PRESERVED_SPECIMEN	FishBase	Occurrence	GCRL 1612			CC_BY_NC_4_0					2017-03-17T11:27Z		
864447078	197908d0-5565-11d8-b290-b8a03c50a862	FishBase:Occurrence:GCRL 1589	Animalia	Chordata	Actinopterygii	Syngnathiformes	Syngnathidae	Microphis	Microphis brachyurus		SPECIES	Microphis brachyurus (Bleeker, 1854)	US	MISS. SND.	192a9ab0-5565-11d8-b290-b8a03c50a862									1966-07-29T01:00Z	29	7	1966	5712324	5712324	PRESERVED_SPECIMEN	FishBase	Occurrence	GCRL 1589			CC_BY_NC_4_0					2017-03-17T11:27Z		
864446567	197908d0-5565-11d8-b290-b8a03c50a862	FishBase:Occurrence:GCRL 13888	Animalia	Chordata	Actinopterygii	Syngnathiformes	Syngnathidae	Microphis	Microphis brachyurus		SPECIES	Microphis brachyurus (Bleeker, 1854)	US	MISS.	192a9ab0-5565-11d8-b290-b8a03c50a862									1975-07-08T01:00Z	8	7	1975	5712324	5712324	PRESERVED_SPECIMEN	FishBase	Occurrence	GCRL 13888			CC_BY_NC_4_0					2017-03-17T11:27Z		
864446256	197908d0-5565-11d8-b290-b8a03c50a862	FishBase:Occurrence:GCRL 12758	Animalia	Chordata	Actinopterygii	Syngnathiformes	Syngnathidae	Microphis	Microphis brachyurus		SPECIES	Microphis brachyurus (Bleeker, 1854)	US	MISS.	192a9ab0-5565-11d8-b290-b8a03c50a862									1974-05-24T01:00Z	24	5	1974	5712324	5712324	PRESERVED_SPECIMEN	FishBase	Occurrence	GCRL 12758			CC_BY_NC_4_0					2017-03-17T11:27Z		
864445993	197908d0-5565-11d8-b290-b8a03c50a862	FishBase:Occurrence:GCRL 11805	Animalia	Chordata	Actinopterygii	Syngnathiformes	Syngnathidae	Microphis	Microphis brachyurus		SPECIES	Microphis brachyurus (Bleeker, 1854)	MX	VERACRUZ	192a9ab0-5565-11d8-b290-b8a03c50a862									1972-07-04T01:00Z	4	7	1972	5712324	5712324	PRESERVED_SPECIMEN	FishBase	Occurrence	GCRL 11805			CC_BY_NC_4_0					2017-03-17T11:27Z		
675492280	b6015b60-6f96-43a9-88e5-2f41854e8f07	urn:catalog:TCWC:Ichthyology:15437.12	Animalia	Chordata	Actinopterygii	Syngnathiformes	Syngnathidae	Microphis	Microphis brachyurus		SPECIES	Microphis brachyurus (Bleeker, 1854)	US	Beach at San Luis Pass Park	2b8e48b0-812d-11de-86fe-b8a03c50a862	29.08089	-95.12873					1.0	1.0	2011-10-22T02:00Z	22	10	2011	5712324	5712324	PRESERVED_SPECIMEN	TCWC	Ichthyology	15437.12		WFSC 311 502/11-15-2011	CC0_1_0		Conway, K.W, Bertrand, N., Kim, D.M., WFSC 311 undergraduates		NATIVE	2017-02-19T00:00Z		
675396833	b6015b60-6f96-43a9-88e5-2f41854e8f07	urn:catalog:TCWC:Ichthyology:1834.03	Animalia	Chordata	Actinopterygii	Syngnathiformes	Syngnathidae	Microphis	Microphis brachyurus		SPECIES	Microphis brachyurus (Bleeker, 1854)	MX	1.3 mi NE Balzapote (20 mi by road from Catemaco)	2b8e48b0-812d-11de-86fe-b8a03c50a862	18.63056	-95.05632							1977-01-10T01:00Z	10	1	1977	5712324	5712324	PRESERVED_SPECIMEN	TCWC	Ichthyology	1834.03		McEachran/2001	CC0_1_0		Pointer, D.		NATIVE	2017-02-19T00:00Z		
675393840	b6015b60-6f96-43a9-88e5-2f41854e8f07	urn:catalog:TCWC:Ichthyology:10953.02	Animalia	Chordata	Actinopterygii	Syngnathiformes	Syngnathidae	Microphis	Microphis brachyurus		SPECIES	Microphis brachyurus (Bleeker, 1854)	MX	Gulf of Mexico	2b8e48b0-812d-11de-86fe-b8a03c50a862	21.71667	-92.38333					128.0	0.0	1965-10-07T01:00Z	7	10	1965	5712324	5712324	PRESERVED_SPECIMEN	TCWC	Ichthyology	10953.02			CC0_1_0		W.E. Pequegnat		NATIVE	2017-02-19T00:00Z		COUNTRY_DERIVED_FROM_COORDINATES
675391036	b6015b60-6f96-43a9-88e5-2f41854e8f07	urn:catalog:TCWC:Ichthyology:10844.03	Animalia	Chordata	Actinopterygii	Syngnathiformes	Syngnathidae	Microphis	Microphis brachyurus		SPECIES	Microphis brachyurus (Bleeker, 1854)	US	North Atlantic Ocean	2b8e48b0-812d-11de-86fe-b8a03c50a862	46.09	-61.53333					7.0	0.0	1998-11-19T01:00Z	19	11	1998	5712324	5712324	PRESERVED_SPECIMEN	TCWC	Ichthyology	10844.03			CC0_1_0		Henley, T., R/V Capt. Jamie		NATIVE	2017-09-21T19:41Z		COUNTRY_COORDINATE_MISMATCH
675390840	b6015b60-6f96-43a9-88e5-2f41854e8f07	urn:catalog:TCWC:Ichthyology:11192.03	Animalia	Chordata	Actinopterygii	Syngnathiformes	Syngnathidae	Microphis	Microphis brachyurus		SPECIES	Microphis brachyurus (Bleeker, 1854)	US	Rio Grande @ Boca Chica	2b8e48b0-812d-11de-86fe-b8a03c50a862	25.95944	-97.22861							2000-10-13T02:00Z	13	10	2000	5712324	5712324	PRESERVED_SPECIMEN	TCWC	Ichthyology	11192.03		Class/2000	CC0_1_0		MARB 312		NATIVE	2017-09-21T19:41Z		
675386197	b6015b60-6f96-43a9-88e5-2f41854e8f07	urn:catalog:TCWC:Ichthyology:10395.06	Animalia	Chordata	Actinopterygii	Syngnathiformes	Syngnathidae	Microphis	Microphis brachyurus		SPECIES	Microphis brachyurus (Bleeker, 1854)	US	Northwest Gulf of Mexico	2b8e48b0-812d-11de-86fe-b8a03c50a862	28.23333	-94.53333					48.0	0.0	1981-09-24T02:00Z	24	9	1981	5712324	5712324	PRESERVED_SPECIMEN	TCWC	Ichthyology	10395.06		Qualline, T./1998	CC0_1_0		Dennis, G.D.		NATIVE	2017-02-19T00:00Z		COUNTRY_DERIVED_FROM_COORDINATES
675378589	b6015b60-6f96-43a9-88e5-2f41854e8f07	urn:catalog:TCWC:Ichthyology:15690.02	Animalia	Chordata	Actinopterygii	Syngnathiformes	Syngnathidae	Microphis	Microphis brachyurus		SPECIES	Microphis brachyurus (Bleeker, 1854)	US	Christmas Bay, boat ramp at Amigo Lane	2b8e48b0-812d-11de-86fe-b8a03c50a862	29.04893	-95.16548							2011-10-22T02:00Z	22	10	2011	5712324	5712324	PRESERVED_SPECIMEN	TCWC	Ichthyology	15690.02		Conway, K.W./2011	CC0_1_0		Conway, K.W., & WFSC 311		NATIVE	2017-02-19T00:00Z		
624263509	eccf4b09-f0c8-462d-a48c-41a7ce36815a	5351823C-AD53-4B66-9ABC-E209553D6EAC	Animalia	Chordata	Actinopterygii	Syngnathiformes	Syngnathidae	Microphis	Microphis brachyurus		SPECIES	Microphis brachyurus (Bleeker, 1854)	US	Indian River Lagoon	8483a1f0-1032-11db-ae00-b8a03c50a862	29.699	-81.232767					0.7		2002-04-25T02:00Z	25	4	2002	5712324	5712324	PRESERVED_SPECIMEN	UF	Fish	179559			CC_BY_NC_4_0		Turtora, M; et al.			2017-02-19T00:00Z		DEPTH_NON_NUMERIC;GEODETIC_DATUM_ASSUMED_WGS84;COORDINATE_ROUNDED
624260376	eccf4b09-f0c8-462d-a48c-41a7ce36815a	B7EC451A-A1F7-4810-A9FB-74B0891B920E	Animalia	Chordata	Actinopterygii	Syngnathiformes	Syngnathidae	Microphis	Microphis brachyurus		SPECIES	Microphis brachyurus (Bleeker, 1854)	US	C-103 (canal) east of Homestead	8483a1f0-1032-11db-ae00-b8a03c50a862	25.46833	-80.47778							2007-08-22T02:00Z	22	8	2007	5712324	5712324	PRESERVED_SPECIMEN	UF	Fish	176327			CC_BY_NC_4_0		Schofield, P; Loftus, William			2017-02-19T00:00Z		GEODETIC_DATUM_ASSUMED_WGS84
624251898	eccf4b09-f0c8-462d-a48c-41a7ce36815a	FB94F7FF-3C5E-42E2-8FCE-5428C54C662F	Animalia	Chordata	Actinopterygii	Syngnathiformes	Syngnathidae	Microphis	Microphis brachyurus		SPECIES	Microphis brachyurus (Bleeker, 1854)	MX	Chihuahua Creek near junction with Rio Mico, 2 km below 'el Recreo'	8483a1f0-1032-11db-ae00-b8a03c50a862									1960-06-30T01:00Z	30	6	1960	5712324	5712324	PRESERVED_SPECIMEN	UF	Fish	233189			CC_BY_NC_4_0		Rivas, Luis; Astorqui, I			2017-02-19T00:00Z		
624201691	eccf4b09-f0c8-462d-a48c-41a7ce36815a	94080A93-8909-4A74-8D38-B332AF36EEA0	Animalia	Chordata	Actinopterygii	Syngnathiformes	Syngnathidae	Microphis	Microphis brachyurus		SPECIES	Microphis brachyurus (Bleeker, 1854)	US	Entrance to Choctawhatchee Bay, 1000 m south to 100 m north of bridge (US 98) at Destin	8483a1f0-1032-11db-ae00-b8a03c50a862	30.39333	-86.49583							1975-05-17T01:00Z	17	5	1975	5712324	5712324	PRESERVED_SPECIMEN	UF	Fish	150632			CC_BY_NC_4_0		Bortone, Stephen; Hastings, Philip			2017-02-19T00:00Z		GEODETIC_DATUM_ASSUMED_WGS84
624198246	eccf4b09-f0c8-462d-a48c-41a7ce36815a	2A9F622C-C76B-408B-A9DE-44ED1307CE68	Animalia	Chordata	Actinopterygii	Syngnathiformes	Syngnathidae	Microphis	Microphis brachyurus		SPECIES	Microphis brachyurus (Bleeker, 1854)	US	Spanish Creek at Route 78 crossing 1 mile northeast of the town of Alva	8483a1f0-1032-11db-ae00-b8a03c50a862	26.725556	-81.599167							2004-12-16T01:00Z	16	12	2004	5712324	5712324	PRESERVED_SPECIMEN	UF	Fish	147183			CC_BY_NC_4_0		Thomson, A; Page, Lawrence; Lopez, Juan			2017-02-19T00:00Z		GEODETIC_DATUM_ASSUMED_WGS84;COORDINATE_ROUNDED
624189977	eccf4b09-f0c8-462d-a48c-41a7ce36815a	BA9CAF08-2C80-4288-AB0A-78A9CFA69C6A	Animalia	Chordata	Actinopterygii	Syngnathiformes	Syngnathidae	Microphis	Microphis brachyurus		SPECIES	Microphis brachyurus (Bleeker, 1854)	US	E of 1st flood control structure in canal branching off Hillsboro Canal.	8483a1f0-1032-11db-ae00-b8a03c50a862	26.328056	-80.202222					0.8		1972-08-03T01:00Z	3	8	1972	5712324	5712324	PRESERVED_SPECIMEN	UF	Fish	138771			CC_BY_NC_4_0		Herrema, David; et al.			2017-02-19T00:00Z		DEPTH_NON_NUMERIC;GEODETIC_DATUM_ASSUMED_WGS84;COORDINATE_ROUNDED
624170752	eccf4b09-f0c8-462d-a48c-41a7ce36815a	13BEED31-E4FF-4884-B5CE-8FC891F3BDDC	Animalia	Chordata	Actinopterygii	Syngnathiformes	Syngnathidae	Microphis	Microphis brachyurus		SPECIES	Microphis brachyurus (Bleeker, 1854)	US	Creek on State Route 80, 5.9 miles west of junction with State Route 29 in LaBelle	8483a1f0-1032-11db-ae00-b8a03c50a862	26.708333	-81.605278							1995-01-16T01:00Z	16	1	1995	5712324	5712324	PRESERVED_SPECIMEN	UF	Fish	119596			CC_BY_NC_4_0		Williams, James; Lattimore, R; Meffe, Gary			2017-02-19T00:00Z		GEODETIC_DATUM_ASSUMED_WGS84;COORDINATE_ROUNDED
624151371	eccf4b09-f0c8-462d-a48c-41a7ce36815a	4FA56D9E-B4DE-41EA-87F3-3892938298D5	Animalia	Chordata	Actinopterygii	Syngnathiformes	Syngnathidae	Microphis	Microphis brachyurus		SPECIES	Microphis brachyurus (Bleeker, 1854)	US	Rim ditch, trib to St. Lucie River in sight of highway bridge to west.	8483a1f0-1032-11db-ae00-b8a03c50a862	27.2625	-80.344722							1956-05-29T01:00Z	29	5	1956	5712324	5712324	PRESERVED_SPECIMEN	UF	Fish	100017			CC_BY_NC_4_0		Harrington, R; B, W			2017-02-19T00:00Z		GEODETIC_DATUM_ASSUMED_WGS84;COORDINATE_ROUNDED
624151370	eccf4b09-f0c8-462d-a48c-41a7ce36815a	6C335EF1-324B-49E5-9A3A-F235EB8DE450	Animalia	Chordata	Actinopterygii	Syngnathiformes	Syngnathidae	Microphis	Microphis brachyurus		SPECIES	Microphis brachyurus (Bleeker, 1854)	US	South Relief Canal, US Rte 1 to Indian River.	8483a1f0-1032-11db-ae00-b8a03c50a862	27.605	-80.381389							1955-05-20T01:00Z	20	5	1955	5712324	5712324	PRESERVED_SPECIMEN	UF	Fish	100016			CC_BY_NC_4_0		Harrington, R; B, W			2017-02-19T00:00Z		GEODETIC_DATUM_ASSUMED_WGS84;COORDINATE_ROUNDED
624151369	eccf4b09-f0c8-462d-a48c-41a7ce36815a	C80AFB2E-06DF-4F24-8323-996F8D8D59A6	Animalia	Chordata	Actinopterygii	Syngnathiformes	Syngnathidae	Microphis	Microphis brachyurus		SPECIES	Microphis brachyurus (Bleeker, 1854)	US	South Relief Canal, US Rte 1 to sight of Emerson Rd bridge.	8483a1f0-1032-11db-ae00-b8a03c50a862	27.605	-80.381389							1955-05-19T01:00Z	19	5	1955	5712324	5712324	PRESERVED_SPECIMEN	UF	Fish	100015			CC_BY_NC_4_0		Harrington, R; B, W			2017-02-19T00:00Z		GEODETIC_DATUM_ASSUMED_WGS84;COORDINATE_ROUNDED
624151368	eccf4b09-f0c8-462d-a48c-41a7ce36815a	45503D60-38C8-43DF-826C-082D76112A56	Animalia	Chordata	Actinopterygii	Syngnathiformes	Syngnathidae	Microphis	Microphis brachyurus		SPECIES	Microphis brachyurus (Bleeker, 1854)	US	South Relief Canal, near railroad bridge and US Rte 1.	8483a1f0-1032-11db-ae00-b8a03c50a862	27.605	-80.381389							1956-03-20T01:00Z	20	3	1956	5712324	5712324	PRESERVED_SPECIMEN	UF	Fish	100014			CC_BY_NC_4_0		Harrington, R			2017-02-19T00:00Z		GEODETIC_DATUM_ASSUMED_WGS84;COORDINATE_ROUNDED
624148219	eccf4b09-f0c8-462d-a48c-41a7ce36815a	0C902A75-3A6E-4BB8-8874-D5B30A90C05D	Animalia	Chordata	Actinopterygii	Syngnathiformes	Syngnathidae	Microphis	Microphis brachyurus		SPECIES	Microphis brachyurus (Bleeker, 1854)	US	Alva Lock on north side above lock in picnic area	8483a1f0-1032-11db-ae00-b8a03c50a862	26.723353	-81.693179							1978-08-06T01:00Z	6	8	1978	5712324	5712324	PRESERVED_SPECIMEN	UF	Fish	96985			CC_BY_NC_4_0		Remus			2017-02-19T00:00Z		GEODETIC_DATUM_ASSUMED_WGS84
624136368	eccf4b09-f0c8-462d-a48c-41a7ce36815a	3239A85A-3D5B-4C45-B03C-7A6C5B1F20B5	Animalia	Chordata	Actinopterygii	Syngnathiformes	Syngnathidae	Microphis	Microphis brachyurus		SPECIES	Microphis brachyurus (Bleeker, 1854)	US	North Fork of Sebastian Creek, Fellsmere Canal below spillway, confluence of Fellsmere and C-54 canal.	8483a1f0-1032-11db-ae00-b8a03c50a862	27.835556	-80.518333					0.0		1990-06-05T02:00Z	5	6	1990	5712324	5712324	PRESERVED_SPECIMEN	UF	Fish	84971			CC_BY_NC_4_0		Gilbert, Carter; Gilmore, Richard; Scheidt, D			2017-06-09T15:33Z		GEODETIC_DATUM_ASSUMED_WGS84;COORDINATE_ROUNDED
624130280	eccf4b09-f0c8-462d-a48c-41a7ce36815a	27C40079-E603-44B3-894D-B67D4C9A7B4E	Animalia	Chordata	Actinopterygii	Syngnathiformes	Syngnathidae	Microphis	Microphis brachyurus		SPECIES	Microphis brachyurus (Bleeker, 1854)	US	Mouth of Goat Creek on US Hwy 1 in Valkaria.	8483a1f0-1032-11db-ae00-b8a03c50a862	27.965556	-80.546667							1988-08-11T02:00Z	11	8	1988	5712324	5712324	PRESERVED_SPECIMEN	UF	Fish	78999			CC_BY_NC_4_0		Williams, James; Burkhead, Noel			2017-02-19T00:00Z		GEODETIC_DATUM_ASSUMED_WGS84;COORDINATE_ROUNDED
624114477	eccf4b09-f0c8-462d-a48c-41a7ce36815a	2F06642E-BD20-4D60-A0D9-49ECB928099F	Animalia	Chordata	Actinopterygii	Syngnathiformes	Syngnathidae	Microphis	Microphis brachyurus		SPECIES	Microphis brachyurus (Bleeker, 1854)	US	Southwest branch of Loxahatchee River 0.25 miles east of mouth of C-18 canal on north side.	8483a1f0-1032-11db-ae00-b8a03c50a862	26.946667	-80.1125							1960-12-26T01:00Z	26	12	1960	5712324	5712324	PRESERVED_SPECIMEN	UF	Fish	63061			CC_BY_NC_4_0		Blodgett, W; et al.			2017-02-19T00:00Z		GEODETIC_DATUM_ASSUMED_WGS84;COORDINATE_ROUNDED
624113841	eccf4b09-f0c8-462d-a48c-41a7ce36815a	95E5897E-2D61-4C74-BC5A-41FBD8508918	Animalia	Chordata	Actinopterygii	Syngnathiformes	Syngnathidae	Microphis	Microphis brachyurus		SPECIES	Microphis brachyurus (Bleeker, 1854)	US	Jupiter Inlet	8483a1f0-1032-11db-ae00-b8a03c50a862	26.944695	-80.072837							1959-02-21T01:00Z	21	2	1959	5712324	5712324	PRESERVED_SPECIMEN	UF	Fish	62479			CC_BY_NC_4_0		Kindt, S			2017-02-19T00:00Z		GEODETIC_DATUM_ASSUMED_WGS84
624113032	eccf4b09-f0c8-462d-a48c-41a7ce36815a	FC403A51-E8B3-4E96-8774-0C6FBF1A5D36	Animalia	Chordata	Actinopterygii	Syngnathiformes	Syngnathidae	Microphis	Microphis brachyurus		SPECIES	Microphis brachyurus (Bleeker, 1854)	US	SW branch of Loxahatchee River, Sims Creek, 500 yds upstream from its mouth.	8483a1f0-1032-11db-ae00-b8a03c50a862	26.936563	-80.122277							1964-08-30T01:00Z	30	8	1964	5712324	5712324	PRESERVED_SPECIMEN	UF	Fish	61617			CC_BY_NC_4_0		Christensen, Robert; Christensen, Charlotte			2017-02-19T00:00Z		GEODETIC_DATUM_ASSUMED_WGS84
624112336	eccf4b09-f0c8-462d-a48c-41a7ce36815a	22C6E8ED-75C5-4FBD-A475-88D306C7F5F5	Animalia	Chordata	Actinopterygii	Syngnathiformes	Syngnathidae	Microphis	Microphis brachyurus		SPECIES	Microphis brachyurus (Bleeker, 1854)	US	S side of Loxahatchee River, 2 mi W of Jupiter Inlet.	8483a1f0-1032-11db-ae00-b8a03c50a862	26.945278	-80.098889							1960-10-30T01:00Z	30	10	1960	5712324	5712324	PRESERVED_SPECIMEN	UF	Fish	60921			CC_BY_NC_4_0		Christensen, N; Christensen, G			2017-02-19T00:00Z		GEODETIC_DATUM_ASSUMED_WGS84;COORDINATE_ROUNDED
624111386	eccf4b09-f0c8-462d-a48c-41a7ce36815a	E91C06D5-8332-4D56-880B-3CEBCFEF79BB	Animalia	Chordata	Actinopterygii	Syngnathiformes	Syngnathidae	Microphis	Microphis brachyurus		SPECIES	Microphis brachyurus (Bleeker, 1854)	US	N side of SW branch of Loxahatchee River, 0.25 mi E of mouth of C-18 canal.	8483a1f0-1032-11db-ae00-b8a03c50a862	26.944822	-80.117525							1961-05-28T01:00Z	28	5	1961	5712324	5712324	PRESERVED_SPECIMEN	UF	Fish	59912			CC_BY_NC_4_0		Christensen, Robert; Christensen, G			2017-02-19T00:00Z		GEODETIC_DATUM_ASSUMED_WGS84
624083104	eccf4b09-f0c8-462d-a48c-41a7ce36815a	4944B6BB-D19C-477B-8DAC-821B2A142FDA	Animalia	Chordata	Actinopterygii	Syngnathiformes	Syngnathidae	Microphis	Microphis brachyurus		SPECIES	Microphis brachyurus (Bleeker, 1854)	US	Lower Cape Fear River Estuary, Carolina Power & Light, Brunswick Steam Electric Plant screens, Southport.	8483a1f0-1032-11db-ae00-b8a03c50a862	33.936976	-77.98454							1976-10-23T01:00Z	23	10	1976	5712324	5712324	PRESERVED_SPECIMEN	UF	Fish	30674			CC_BY_NC_4_0		MacPherson, Kerry; Benedict; McGowan			2017-02-19T00:00Z		GEODETIC_DATUM_ASSUMED_WGS84
624083103	eccf4b09-f0c8-462d-a48c-41a7ce36815a	47B9C674-E554-4664-977C-E1061728EBF8	Animalia	Chordata	Actinopterygii	Syngnathiformes	Syngnathidae	Microphis	Microphis brachyurus		SPECIES	Microphis brachyurus (Bleeker, 1854)	US	Lower Cape Fear River Estuary, Carolina Power & Light, Brunswick Steam Electric Plant screens, Southport.	8483a1f0-1032-11db-ae00-b8a03c50a862	33.936976	-77.98454							1976-10-03T01:00Z	3	10	1976	5712324	5712324	PRESERVED_SPECIMEN	UF	Fish	30673			CC_BY_NC_4_0		MacPherson, Kerry; Benedict; McGowan			2017-02-19T00:00Z		GEODETIC_DATUM_ASSUMED_WGS84
624083037	eccf4b09-f0c8-462d-a48c-41a7ce36815a	408277F5-DB66-4613-B707-4B9AB646E9C0	Animalia	Chordata	Actinopterygii	Syngnathiformes	Syngnathidae	Microphis	Microphis brachyurus		SPECIES	Microphis brachyurus (Bleeker, 1854)	US	Lower Cape Fear River Estuary, Carolina Power & Light, Brunswick Steam Electric Plant screens, Southport.	8483a1f0-1032-11db-ae00-b8a03c50a862	33.936976	-77.98454							1978-11-20T01:00Z	20	11	1978	5712324	5712324	PRESERVED_SPECIMEN	UF	Fish	30607			CC_BY_NC_4_0		McPherson, K; S, J			2017-02-19T00:00Z		GEODETIC_DATUM_ASSUMED_WGS84
624083036	eccf4b09-f0c8-462d-a48c-41a7ce36815a	4BB728D2-2C60-4287-B5D0-F4D89616BC8C	Animalia	Chordata	Actinopterygii	Syngnathiformes	Syngnathidae	Microphis	Microphis brachyurus		SPECIES	Microphis brachyurus (Bleeker, 1854)	US	Lower Cape Fear River Estuary, Carolina Power & Light, BSEP screens, Southport.	8483a1f0-1032-11db-ae00-b8a03c50a862	33.936976	-77.98454							1978-12-05T01:00Z	5	12	1978	5712324	5712324	PRESERVED_SPECIMEN	UF	Fish	30606			CC_BY_NC_4_0		B, C; B, G			2017-02-19T00:00Z		GEODETIC_DATUM_ASSUMED_WGS84
624083035	eccf4b09-f0c8-462d-a48c-41a7ce36815a	94970134-B6AE-46B4-9BDA-77B49ADDE1E3	Animalia	Chordata	Actinopterygii	Syngnathiformes	Syngnathidae	Microphis	Microphis brachyurus		SPECIES	Microphis brachyurus (Bleeker, 1854)	US	Lower Cape Fear River Estuary, Carolina Power & Light, BSEP screens, Southport.	8483a1f0-1032-11db-ae00-b8a03c50a862	33.936976	-77.98454							1976-09-14T01:00Z	14	9	1976	5712324	5712324	PRESERVED_SPECIMEN	UF	Fish	30605			CC_BY_NC_4_0		MacPherson, Kerry; et al.			2017-02-19T00:00Z		GEODETIC_DATUM_ASSUMED_WGS84
624059452	eccf4b09-f0c8-462d-a48c-41a7ce36815a	54BA3179-1A9A-4D63-91F8-5DE00C5B1EF6	Animalia	Chordata	Actinopterygii	Syngnathiformes	Syngnathidae	Microphis	Microphis brachyurus		SPECIES	Microphis brachyurus (Bleeker, 1854)	US	San Carlos Creek near New Berlin.	8483a1f0-1032-11db-ae00-b8a03c50a862	30.411667	-81.548889							1949-08-01T01:00Z	1	8	1949	5712324	5712324	PRESERVED_SPECIMEN	UF	Fish	6836			CC_BY_NC_4_0		McLane, William; Nelson, Gid			2017-02-19T00:00Z		GEODETIC_DATUM_ASSUMED_WGS84;COORDINATE_ROUNDED
624059451	eccf4b09-f0c8-462d-a48c-41a7ce36815a	B6B7FCD4-1C0A-4BBE-85FD-742588F24338	Animalia	Chordata	Actinopterygii	Syngnathiformes	Syngnathidae	Microphis	Microphis brachyurus		SPECIES	Microphis brachyurus (Bleeker, 1854)	US	San Carlos Creek near New Berlin.	8483a1f0-1032-11db-ae00-b8a03c50a862	30.411667	-81.548889							1949-06-28T01:00Z	28	6	1949	5712324	5712324	PRESERVED_SPECIMEN	UF	Fish	6835			CC_BY_NC_4_0		McLane, William; Nelson, G			2017-02-19T00:00Z		GEODETIC_DATUM_ASSUMED_WGS84;COORDINATE_ROUNDED
624059435	eccf4b09-f0c8-462d-a48c-41a7ce36815a	140736F7-8BE3-4303-B708-2E0539DA24EC	Animalia	Chordata	Actinopterygii	Syngnathiformes	Syngnathidae	Microphis	Microphis brachyurus		SPECIES	Microphis brachyurus (Bleeker, 1854)	US	San Carlos Creek near New Berlin.	8483a1f0-1032-11db-ae00-b8a03c50a862	30.411667	-81.548889							1949-07-30T01:00Z	30	7	1949	5712324	5712324	PRESERVED_SPECIMEN	UF	Fish	6819			CC_BY_NC_4_0		McLane, William; Nelson, Gid			2017-02-19T00:00Z		GEODETIC_DATUM_ASSUMED_WGS84;COORDINATE_ROUNDED
624054424	eccf4b09-f0c8-462d-a48c-41a7ce36815a	C46FB2EA-FEC6-45DA-AA1B-159302C2A2C3	Animalia	Chordata	Actinopterygii	Syngnathiformes	Syngnathidae	Microphis	Microphis brachyurus		SPECIES	Microphis brachyurus (Bleeker, 1854)	US	Lagoon Beach in front of Anastasia Island lighthouse.	8483a1f0-1032-11db-ae00-b8a03c50a862	29.886309	-81.286141					0.0		1953-10-23T01:00Z	23	10	1953	5712324	5712324	PRESERVED_SPECIMEN	UF	Fish	1811			CC_BY_NC_4_0		Kilby, John; et al.			2017-02-19T00:00Z		GEODETIC_DATUM_ASSUMED_WGS84
370395253	8008770e-f762-11e1-a439-00145eb45e9a		Animalia	Chordata	Actinopterygii	Syngnathiformes	Syngnathidae	Microphis	Microphis brachyurus		SPECIES	Microphis brachyurus (Bleeker, 1854)	MX	Río Toro Prieto, 1Km al SE del poblado del mismo nombre	ff90b050-c256-11db-b71b-b8a03c50a862	18.703	-95.204							2000-05-29T02:00Z	29	5	2000	5712324	5712324	UNKNOWN	ENCB	ENCB-IPN-P	P4936 / 251 / S022		Díaz-Pardo Edmundo & Rangel Cota Gerardo	CC_BY_NC_4_0		Díaz-Pardo Edmundo & Rangel Cota Gerardo & Ignacio Doadrio & Adolfo De Sostoa Fernández			2017-02-19T00:00Z		BASIS_OF_RECORD_INVALID;GEODETIC_DATUM_ASSUMED_WGS84
370394000	8008770e-f762-11e1-a439-00145eb45e9a		Animalia	Chordata	Actinopterygii	Syngnathiformes	Syngnathidae	Microphis	Microphis brachyurus		SPECIES	Microphis brachyurus (Bleeker, 1854)	MX	Río Revolución, a 300m de la desembocadura	ff90b050-c256-11db-b71b-b8a03c50a862	18.65	-95.123			3.0				2000-01-17T01:00Z	17	1	2000	5712324	5712324	UNKNOWN	ENCB	ENCB-IPN-P	P4896 / 211 / S022		Díaz-Pardo Edmundo & Rangel Cota Gerardo	CC_BY_NC_4_0		Díaz-Pardo Edmundo & Rangel Cota Gerardo & Ignacio Doadrio & Adolfo De Sostoa Fernández			2017-02-19T00:00Z		BASIS_OF_RECORD_INVALID;GEODETIC_DATUM_ASSUMED_WGS84
370393960	8008770e-f762-11e1-a439-00145eb45e9a		Animalia	Chordata	Actinopterygii	Syngnathiformes	Syngnathidae	Microphis	Microphis brachyurus		SPECIES	Microphis brachyurus (Bleeker, 1854)	MX	Río Col, en el poblado Dos de Abril	ff90b050-c256-11db-b71b-b8a03c50a862	18.643	-95.106			1.0				2000-01-17T01:00Z	17	1	2000	5712324	5712324	UNKNOWN	ENCB	ENCB-IPN-P	P4895 / 210 / S022		Díaz-Pardo Edmundo & Rangel Cota Gerardo	CC_BY_NC_4_0		Díaz-Pardo Edmundo & Rangel Cota Gerardo & Ignacio Doadrio & Adolfo De Sostoa Fernández			2017-02-19T00:00Z		BASIS_OF_RECORD_INVALID;GEODETIC_DATUM_ASSUMED_WGS84
370392028	8008770e-f762-11e1-a439-00145eb45e9a		Animalia	Chordata	Actinopterygii	Syngnathiformes	Syngnathidae	Microphis	Microphis brachyurus		SPECIES	Microphis brachyurus (Bleeker, 1854)	MX	Río Los Organos, en el poblado Adolfo Ruiz Cortines	ff90b050-c256-11db-b71b-b8a03c50a862	18.67	-95.139							2000-05-29T02:00Z	29	5	2000	5712324	5712324	UNKNOWN	ENCB	ENCB-IPN-P	P4925 / 156 / S022		Díaz-Pardo Edmundo & Rangel Cota Gerardo	CC_BY_NC_4_0		Díaz-Pardo Edmundo & Gutiérrez Hernández Altagracia			2017-02-19T00:00Z		BASIS_OF_RECORD_INVALID;GEODETIC_DATUM_ASSUMED_WGS84
46407985	8502ed8e-f762-11e1-a439-00145eb45e9a		Animalia	Chordata	Actinopterygii	Syngnathiformes	Syngnathidae	Microphis	Microphis brachyurus		SPECIES	Microphis brachyurus (Bleeker, 1854)	MX	Desembocadura del rio Papaloapan, Laguna de Alvarado, Ver.	b459e790-0d3c-11d9-8431-b8a03c50a862	18.75	-95.75		0.0	0.0	0.0	0.0	0.0	1967-11-03T01:00Z	3	11	1967	5712324	5712324	UNKNOWN	IBUNAM	CNPE	382		Resendez, M.A.	CC_BY_NC_4_0		Resendez, M.A.			2017-02-19T00:00Z		BASIS_OF_RECORD_INVALID;GEODETIC_DATUM_ASSUMED_WGS84
