Family,CommonName,Genus,Species,Orderby_MimsSppCount,SmithCol
Cyprinidae,Minnows and Carps,24,36,1,chocolate4
Percidae,Perch,4,14,2,chocolate3
Catostomidae,Suckers,7,12,3,chocolate2
Ictaluridae,Catfish,3,6,4,darkgoldenrod2
Salmonidae,Salmon,1,1,5,darkgrey
Fundulidae,Topminnows and killifishes,2,4,6,darkgrey
Centrarchidae,Sunfish,4,6,7,lightgoldenrod
Cottidae,Sculpins,1,3,8,darkgrey
Petromyzontidae,Lamprey,2,3,9,darkgrey
Cyprinodontidae,Pupfishes,1,1,10,darkgrey
Poeciliidae,Live-bearers,3,3,11,darkgrey
Clupeidae,"Herrings, shads, sardines, menhadens",0,0,12,darkgrey
Acipenseridae,Sturgeons,1,1,13,darkgrey
Amblyopsidae,Cavefish,1,1,14,darkgrey
Elassomatidae,Pygmy sunfishes,1,4,15,darkgrey
Lepisosteidae,Gar,2,6,16,darkgrey
Esocidae,Pikes,1,4,17,darkgrey
Gasterosteidae,Sticklebacks and tubesnouts,4,4,18,darkgrey
Moronidae,Temperate Basses,1,4,19,darkgrey
Osmeridae,Smelts,0,0,20,darkgrey
Umbridae,Mudminnows,1,2,21,darkgrey
Goodeidae,Splitfins,1,1,22,darkgrey
Gadidae,Cods and Haddocks,2,2,23,darkgrey
Hiodontidae,Mooneyes,1,2,24,darkgrey
Percopsidae,Trout-Perches,1,2,25,darkgrey
Syngnathidae,Pipfishes and Seahorses,0,0,26,darkgrey
Amiidae,Bowfins,1,1,27,darkgrey
Anguillidae,Freshwater eels,1,1,28,darkgrey
Aphredoderidae,Pirate perches,1,1,29,darkgrey
Characidae,Characins,1,1,30,darkgrey
Mugilidae,Mullet,1,1,31,darkgrey
Polyodontidae,Paddlefish,1,1,32,darkgrey
